1,1,1,1,1,1,1,1,1,1,1,1,1,1,1,1,1,1
1,#,Sign gloss,Compound signs,Session,Scene,XML,MOV,Gloss start,Gloss end,Dominant handshape IDs,Non-dominant handshape IDs,Dominant handshape frames,Non-dominant handshape frames,uta Gloss start,uta Gloss end,uta no,uta hand annotation
1,27,A,NaN,2008_10_10,1,NaN,mov/ASL_2008_10_10/scene1-camera1.mov,41,54,NaN,NaN,NaN,NaN,0,0,0,0
1,28,a_bit,NaN,2008_10_10,1,NaN,mov/ASL_2008_10_10/scene1-camera1.mov,246,259,NaN,NaN,NaN,NaN,0,0,0,0
1,29,A_C,NaN,2008_10_10,1,NaN,mov/ASL_2008_10_10/scene1-camera1.mov,360,369,NaN,NaN,NaN,NaN,0,0,0,0
1,30,abandon,NaN,2008_10_10,1,NaN,mov/ASL_2008_10_10/scene1-camera1.mov,519,533,NaN,NaN,NaN,NaN,0,0,0,0
1,31,abortion,NaN,2008_10_10,1,NaN,mov/ASL_2008_10_10/scene1-camera1.mov,656,683,NaN,NaN,NaN,NaN,0,0,0,0
1,32,about1,NaN,2008_10_10,1,NaN,mov/ASL_2008_10_10/scene1-camera1.mov,779,806,NaN,NaN,NaN,NaN,0,0,0,0
1,33,above1,NaN,2008_10_10,1,NaN,mov/ASL_2008_10_10/scene1-camera1.mov,943,957,NaN,NaN,NaN,NaN,0,0,0,0
1,34,above2,NaN,2008_10_10,1,NaN,mov/ASL_2008_10_10/scene1-camera1.mov,1066,1080,NaN,NaN,NaN,NaN,0,0,0,0
1,35,accept-fr,NaN,2008_10_10,1,NaN,mov/ASL_2008_10_10/scene1-camera1.mov,1176,1203,NaN,NaN,NaN,NaN,0,0,0,0
1,36,accident1,NaN,2008_10_10,1,NaN,mov/ASL_2008_10_10/scene1-camera1.mov,1490,1504,NaN,NaN,NaN,NaN,0,0,0,0
1,37,accident2,NaN,2008_10_10,1,NaN,mov/ASL_2008_10_10/scene1-camera1.mov,1668,1682,NaN,NaN,NaN,NaN,0,0,0,0
1,38,accompany-fr,NaN,2008_10_10,1,NaN,mov/ASL_2008_10_10/scene1-camera1.mov,1791,1805,NaN,NaN,NaN,NaN,0,0,0,0
1,39,accounting-fr,NaN,2008_10_10,1,NaN,mov/ASL_2008_10_10/scene1-camera1.mov,1928,1955,NaN,NaN,NaN,NaN,0,0,0,0
1,40,accuse-fr,NaN,2008_10_10,1,NaN,mov/ASL_2008_10_10/scene1-camera1.mov,2092,2112,NaN,NaN,NaN,NaN,0,0,0,0
1,41,across,NaN,2008_10_10,1,NaN,mov/ASL_2008_10_10/scene1-camera1.mov,2243,2272,NaN,NaN,NaN,NaN,0,0,0,0
1,42,act1,NaN,2008_10_10,1,NaN,mov/ASL_2008_10_10/scene1-camera1.mov,2407,2434,NaN,NaN,NaN,NaN,0,0,0,0
1,43,action,NaN,2008_10_10,1,NaN,mov/ASL_2008_10_10/scene1-camera1.mov,2571,2598,NaN,NaN,NaN,NaN,0,0,0,0
1,44,actor_actress,NaN,2008_10_10,1,NaN,mov/ASL_2008_10_10/scene1-camera1.mov,2745,2776,NaN,NaN,NaN,NaN,0,0,0,0
1,45,add,NaN,2008_10_10,1,NaN,mov/ASL_2008_10_10/scene1-camera1.mov,2913,2926,NaN,NaN,NaN,NaN,0,0,0,0
1,46,add_up,NaN,2008_10_10,1,NaN,mov/ASL_2008_10_10/scene1-camera1.mov,3077,3104,NaN,NaN,NaN,NaN,0,0,0,0
1,47,address,NaN,2008_10_10,1,NaN,mov/ASL_2008_10_10/scene1-camera1.mov,3200,3227,NaN,NaN,NaN,NaN,0,0,0,0
1,48,admission-fr,NaN,2008_10_10,1,NaN,mov/ASL_2008_10_10/scene1-camera1.mov,3320,3340,NaN,NaN,NaN,NaN,0,0,0,0
1,49,admit,NaN,2008_10_10,1,NaN,mov/ASL_2008_10_10/scene1-camera1.mov,3446,3460,NaN,NaN,NaN,NaN,0,0,0,0
1,50,adopt,NaN,2008_10_10,1,NaN,mov/ASL_2008_10_10/scene1-camera1.mov,3569,3583,NaN,NaN,NaN,NaN,0,0,0,0
1,51,advertisement-fr,NaN,2008_10_10,1,NaN,mov/ASL_2008_10_10/scene1-camera1.mov,3692,3710,NaN,NaN,NaN,NaN,0,0,0,0
1,52,advertise-side,NaN,2008_10_10,1,NaN,mov/ASL_2008_10_10/scene1-camera1.mov,3829,3843,NaN,NaN,NaN,NaN,0,0,0,0
1,53,advice,NaN,2008_10_10,1,NaN,mov/ASL_2008_10_10/scene1-camera1.mov,4103,4130,NaN,NaN,NaN,NaN,0,0,0,0
1,54,advise,NaN,2008_10_10,1,NaN,mov/ASL_2008_10_10/scene1-camera1.mov,4245,4267,NaN,NaN,NaN,NaN,0,0,0,0
1,55,advisor-fr,NaN,2008_10_10,1,NaN,mov/ASL_2008_10_10/scene1-camera1.mov,4363,4390,NaN,NaN,NaN,NaN,0,0,0,0
1,56,afraid,NaN,2008_10_10,1,NaN,mov/ASL_2008_10_10/scene1-camera1.mov,4499,4513,NaN,NaN,NaN,NaN,0,0,0,0
1,57,africa1,NaN,2008_10_10,1,NaN,mov/ASL_2008_10_10/scene1-camera1.mov,4690,4717,NaN,NaN,NaN,NaN,0,0,0,0
1,58,africa2,NaN,2008_10_10,1,NaN,mov/ASL_2008_10_10/scene1-camera1.mov,4845,4865,NaN,NaN,NaN,NaN,0,0,0,0
1,59,african_american1-fr,NaN,2008_10_10,1,NaN,mov/ASL_2008_10_10/scene1-camera1.mov,5013,5094,NaN,NaN,NaN,NaN,0,0,0,0
1,60,african_american2-fr,NaN,2008_10_10,1,NaN,mov/ASL_2008_10_10/scene1-camera1.mov,5645,5725,NaN,NaN,NaN,NaN,0,0,0,0
1,61,after,NaN,2008_10_10,1,NaN,mov/ASL_2008_10_10/scene1-camera1.mov,5860,5873,NaN,NaN,NaN,NaN,0,0,0,0
1,62,afternoon,NaN,2008_10_10,1,NaN,mov/ASL_2008_10_10/scene1-camera1.mov,6008,6021,NaN,NaN,NaN,NaN,0,0,0,0
1,63,again,NaN,2008_10_10,1,NaN,mov/ASL_2008_10_10/scene1-camera1.mov,6129,6142,NaN,NaN,NaN,NaN,0,0,0,0
1,64,again_again,NaN,2008_10_10,1,NaN,mov/ASL_2008_10_10/scene1-camera1.mov,6270,6303,NaN,NaN,NaN,NaN,0,0,0,0
1,65,age,NaN,2008_10_10,1,NaN,mov/ASL_2008_10_10/scene1-camera1.mov,6424,6448,NaN,NaN,NaN,NaN,0,0,0,0
1,66,aggravate,NaN,2008_10_10,1,NaN,mov/ASL_2008_10_10/scene1-camera1.mov,6545,6572,NaN,NaN,NaN,NaN,0,0,0,0
1,67,aggravated,NaN,2008_10_10,1,NaN,mov/ASL_2008_10_10/scene1-camera1.mov,6682,6707,NaN,NaN,NaN,NaN,0,0,0,0
1,68,agree_correspond,NaN,2008_10_10,1,NaN,mov/ASL_2008_10_10/scene1-camera1.mov,6828,6850,NaN,NaN,NaN,NaN,0,0,0,0
1,69,ahead2,NaN,2008_10_10,1,NaN,mov/ASL_2008_10_10/scene1-camera1.mov,6975,7002,NaN,NaN,NaN,NaN,0,0,0,0
1,70,air2,NaN,2008_10_10,1,NaN,mov/ASL_2008_10_10/scene1-camera1.mov,7137,7164,NaN,NaN,NaN,NaN,0,0,0,0
1,71,airplane-side,NaN,2008_10_10,1,NaN,mov/ASL_2008_10_10/scene1-camera1.mov,7285,7304,NaN,NaN,NaN,NaN,0,0,0,0
1,72,alarm,NaN,2008_10_10,1,NaN,mov/ASL_2008_10_10/scene1-camera1.mov,7406,7419,NaN,NaN,NaN,NaN,0,0,0,0
1,73,alcoholic_drink,NaN,2008_10_10,1,NaN,mov/ASL_2008_10_10/scene1-camera1.mov,7688,7701,NaN,NaN,NaN,NaN,0,0,0,0
1,74,all,NaN,2008_10_10,1,NaN,mov/ASL_2008_10_10/scene1-camera1.mov,7970,7984,NaN,NaN,NaN,NaN,0,0,0,0
1,75,all_day,NaN,2008_10_10,1,NaN,mov/ASL_2008_10_10/scene1-camera1.mov,8252,8266,NaN,NaN,NaN,NaN,0,0,0,0
1,76,all_gone2-fr,NaN,2008_10_10,1,NaN,mov/ASL_2008_10_10/scene1-camera1.mov,8420,8438,NaN,NaN,NaN,NaN,0,0,0,0
1,77,all_night,NaN,2008_10_10,2,NaN,mov/ASL_2008_10_10/scene2-camera1.mov,170,212,NaN,NaN,NaN,NaN,0,0,0,0
1,78,all_right,NaN,2008_10_10,2,NaN,mov/ASL_2008_10_10/scene2-camera1.mov,450,473,NaN,NaN,NaN,NaN,0,0,0,0
1,79,all2,NaN,2008_10_10,2,NaN,mov/ASL_2008_10_10/scene2-camera1.mov,0,0,NaN,NaN,NaN,NaN,0,0,0,0
1,80,alligator,NaN,2008_10_10,2,NaN,mov/ASL_2008_10_10/scene2-camera1.mov,606,612,NaN,NaN,NaN,NaN,0,0,0,0
1,81,allow-fr,NaN,2008_10_10,2,NaN,mov/ASL_2008_10_10/scene2-camera1.mov,840,852,NaN,NaN,NaN,NaN,0,0,0,0
1,82,almost,NaN,2008_10_10,2,NaN,mov/ASL_2008_10_10/scene2-camera1.mov,958,977,NaN,NaN,NaN,NaN,0,0,0,0
1,83,alot,NaN,2008_10_10,2,NaN,mov/ASL_2008_10_10/scene2-camera1.mov,1110,1118,NaN,NaN,NaN,NaN,0,0,0,0
1,84,altogether,NaN,2008_10_10,2,NaN,mov/ASL_2008_10_10/scene2-camera1.mov,1231,1251,NaN,NaN,NaN,NaN,0,0,0,0
1,85,always,NaN,2008_10_10,2,NaN,mov/ASL_2008_10_10/scene2-camera1.mov,1368,1390,NaN,NaN,NaN,NaN,0,0,0,0
1,86,ambition,NaN,2008_10_10,2,NaN,mov/ASL_2008_10_10/scene2-camera1.mov,1544,1554,NaN,NaN,NaN,NaN,0,0,0,0
1,87,america,NaN,2008_10_10,2,NaN,mov/ASL_2008_10_10/scene2-camera1.mov,1681,1705,NaN,NaN,NaN,NaN,0,0,0,0
1,88,american_sign_language,NaN,2008_10_10,2,NaN,mov/ASL_2008_10_10/scene2-camera1.mov,1857,1906,NaN,NaN,NaN,NaN,0,0,0,0
1,89,among,NaN,2008_10_10,2,NaN,mov/ASL_2008_10_10/scene2-camera1.mov,2053,2072,NaN,NaN,NaN,NaN,0,0,0,0
1,90,amount,NaN,2008_10_10,2,NaN,mov/ASL_2008_10_10/scene2-camera1.mov,2229,2248,NaN,NaN,NaN,NaN,0,0,0,0
1,91,amsterdam,NaN,2008_10_10,2,NaN,mov/ASL_2008_10_10/scene2-camera1.mov,2365,2385,NaN,NaN,NaN,NaN,0,0,0,0
1,92,analyze,NaN,2008_10_10,2,NaN,mov/ASL_2008_10_10/scene2-camera1.mov,2502,2525,NaN,NaN,NaN,NaN,0,0,0,0
1,93,ancestors,NaN,2008_10_10,2,NaN,mov/ASL_2008_10_10/scene2-camera1.mov,2639,2678,NaN,NaN,NaN,NaN,0,0,0,0
1,94,and,NaN,2008_10_10,2,NaN,mov/ASL_2008_10_10/scene2-camera1.mov,2796,2815,NaN,NaN,NaN,NaN,0,0,0,0
1,95,angel,NaN,2008_10_10,2,NaN,mov/ASL_2008_10_10/scene2-camera1.mov,2932,2971,NaN,NaN,NaN,NaN,0,0,0,0
1,96,animal,NaN,2008_10_10,2,NaN,mov/ASL_2008_10_10/scene2-camera1.mov,3069,3089,NaN,NaN,NaN,NaN,0,0,0,0
1,97,announce,NaN,2008_10_10,2,NaN,mov/ASL_2008_10_10/scene2-camera1.mov,3206,3226,NaN,NaN,NaN,NaN,0,0,0,0
1,98,another,NaN,2008_10_10,2,NaN,mov/ASL_2008_10_10/scene2-camera1.mov,3343,3363,NaN,NaN,NaN,NaN,0,0,0,0
1,99,answer-fr,NaN,2008_10_10,2,NaN,mov/ASL_2008_10_10/scene2-camera1.mov,3455,3470,NaN,NaN,NaN,NaN,0,0,0,0
1,100,any,NaN,2008_10_10,2,NaN,mov/ASL_2008_10_10/scene2-camera1.mov,3578,3597,NaN,NaN,NaN,NaN,0,0,0,0
1,101,anyone,NaN,2008_10_10,2,NaN,mov/ASL_2008_10_10/scene2-camera1.mov,3700,3730,NaN,NaN,NaN,NaN,0,0,0,0
1,102,anything,NaN,2008_10_10,2,NaN,mov/ASL_2008_10_10/scene2-camera1.mov,3820,3851,NaN,NaN,NaN,NaN,0,0,0,0
1,103,anywhere,NaN,2008_10_10,2,NaN,mov/ASL_2008_10_10/scene2-camera1.mov,3959,4008,NaN,NaN,NaN,NaN,0,0,0,0
1,104,appear,NaN,2008_10_10,2,NaN,mov/ASL_2008_10_10/scene2-camera1.mov,4110,4125,NaN,NaN,NaN,NaN,0,0,0,0
1,105,applaud_deaf_way,NaN,2008_10_10,2,NaN,mov/ASL_2008_10_10/scene2-camera1.mov,4242,4268,NaN,NaN,NaN,NaN,0,0,0,0
1,106,apple,NaN,2008_10_10,2,NaN,mov/ASL_2008_10_10/scene2-camera1.mov,4370,4379,NaN,NaN,NaN,NaN,0,0,0,0
1,107,apply-fr,NaN,2008_10_10,2,NaN,mov/ASL_2008_10_10/scene2-camera1.mov,4495,4512,NaN,NaN,NaN,NaN,0,0,0,0
1,108,apply-fr1,NaN,2008_10_10,2,NaN,mov/ASL_2008_10_10/scene2-camera1.mov,4614,4633,NaN,NaN,NaN,NaN,0,0,0,0
1,109,apply-fr2,NaN,2008_10_10,2,NaN,mov/ASL_2008_10_10/scene2-camera1.mov,4790,4809,NaN,NaN,NaN,NaN,0,0,0,0
1,110,appoint2,NaN,2008_10_10,2,NaN,mov/ASL_2008_10_10/scene2-camera1.mov,4895,4909,NaN,NaN,NaN,NaN,0,0,0,0
1,111,appoint3,NaN,2008_10_10,2,NaN,mov/ASL_2008_10_10/scene2-camera1.mov,5000,5018,NaN,NaN,NaN,NaN,0,0,0,0
1,112,appointment1,NaN,2008_10_10,2,NaN,mov/ASL_2008_10_10/scene2-camera1.mov,5103,5132,NaN,NaN,NaN,NaN,0,0,0,0
1,113,appointment2,NaN,2008_10_10,2,NaN,mov/ASL_2008_10_10/scene2-camera1.mov,5220,5259,NaN,NaN,NaN,NaN,0,0,0,0
1,114,apprehensive,NaN,2008_10_10,2,NaN,mov/ASL_2008_10_10/scene2-camera1.mov,5337,5357,NaN,NaN,NaN,NaN,0,0,0,0
1,115,approach,NaN,2008_10_10,2,NaN,mov/ASL_2008_10_10/scene2-camera1.mov,5474,5496,NaN,NaN,NaN,NaN,0,0,0,0
1,116,appropriate,NaN,2008_10_10,2,NaN,mov/ASL_2008_10_10/scene2-camera1.mov,5600,5618,NaN,NaN,NaN,NaN,0,0,0,0
1,117,approve3,NaN,2008_10_10,2,NaN,mov/ASL_2008_10_10/scene2-camera1.mov,5695,5709,NaN,NaN,NaN,NaN,0,0,0,0
1,118,approximately,NaN,2008_10_10,2,NaN,mov/ASL_2008_10_10/scene2-camera1.mov,5807,5836,NaN,NaN,NaN,NaN,0,0,0,0
1,119,april_fools_day,NaN,2008_10_10,2,NaN,mov/ASL_2008_10_10/scene2-camera1.mov,5963,6002,NaN,NaN,NaN,NaN,0,0,0,0
1,120,archery,NaN,2008_10_10,2,NaN,mov/ASL_2008_10_10/scene2-camera1.mov,6159,6178,NaN,NaN,NaN,NaN,0,0,0,0
1,121,area1,NaN,2008_10_10,2,NaN,mov/ASL_2008_10_10/scene2-camera1.mov,6452,6474,NaN,NaN,NaN,NaN,0,0,0,0
1,122,argentina,NaN,2008_10_10,2,NaN,mov/ASL_2008_10_10/scene2-camera1.mov,6628,6657,NaN,NaN,NaN,NaN,0,0,0,0
1,123,arise_get_up,NaN,2008_10_10,2,NaN,mov/ASL_2008_10_10/scene2-camera1.mov,6765,6784,NaN,NaN,NaN,NaN,0,0,0,0
1,124,arizona,NaN,2008_10_10,2,NaN,mov/ASL_2008_10_10/scene2-camera1.mov,6902,6918,NaN,NaN,NaN,NaN,0,0,0,0
1,125,arm,NaN,2008_10_10,2,NaN,mov/ASL_2008_10_10/scene2-camera1.mov,7038,7062,NaN,NaN,NaN,NaN,0,0,0,0
1,126,around,NaN,2008_10_10,2,NaN,mov/ASL_2008_10_10/scene2-camera1.mov,7175,7195,NaN,NaN,NaN,NaN,0,0,0,0
1,127,arrive,NaN,2008_10_10,2,NaN,mov/ASL_2008_10_10/scene2-camera1.mov,7312,7335,NaN,NaN,NaN,NaN,0,0,0,0
1,128,art,NaN,2008_10_10,2,NaN,mov/ASL_2008_10_10/scene2-camera1.mov,7566,7590,NaN,NaN,NaN,NaN,0,0,0,0
1,129,article,NaN,2008_10_10,2,NaN,mov/ASL_2008_10_10/scene2-camera1.mov,7703,7723,NaN,NaN,NaN,NaN,0,0,0,0
1,130,artist,NaN,2008_10_10,2,NaN,mov/ASL_2008_10_10/scene2-camera1.mov,7835,7865,NaN,NaN,NaN,NaN,0,0,0,0
1,131,as,NaN,2008_10_10,2,NaN,mov/ASL_2008_10_10/scene2-camera1.mov,7957,7977,NaN,NaN,NaN,NaN,0,0,0,0
1,132,ashamed2,NaN,2008_10_10,2,NaN,mov/ASL_2008_10_10/scene2-camera1.mov,8094,8114,NaN,NaN,NaN,NaN,0,0,0,0
1,133,asia1,NaN,2008_10_10,2,NaN,mov/ASL_2008_10_10/scene2-camera1.mov,8231,8251,NaN,NaN,NaN,NaN,0,0,0,0
1,134,asia2,NaN,2008_10_10,2,NaN,mov/ASL_2008_10_10/scene2-camera1.mov,8348,8388,NaN,NaN,NaN,NaN,0,0,0,0
1,135,ask_request-fr,NaN,2008_10_10,2,NaN,mov/ASL_2008_10_10/scene2-camera1.mov,8466,8485,NaN,NaN,NaN,NaN,0,0,0,0
1,136,asl,NaN,2008_10_10,2,NaN,mov/ASL_2008_10_10/scene2-camera1.mov,8603,8622,NaN,NaN,NaN,NaN,0,0,0,0
1,137,assistant-fr,NaN,2008_10_10,2,NaN,mov/ASL_2008_10_10/scene2-camera1.mov,8835,8853,NaN,NaN,NaN,NaN,0,0,0,0
1,138,associate,NaN,2008_10_10,2,NaN,mov/ASL_2008_10_10/scene2-camera1.mov,8955,8975,NaN,NaN,NaN,NaN,0,0,0,0
1,139,association,NaN,2008_10_10,2,NaN,mov/ASL_2008_10_10/scene2-camera1.mov,9091,9111,NaN,NaN,NaN,NaN,0,0,0,0
1,140,athens-fr,NaN,2008_10_10,2,NaN,mov/ASL_2008_10_10/scene2-camera1.mov,9210,9228,NaN,NaN,NaN,NaN,0,0,0,0
1,141,atlanta,NaN,2008_10_10,2,NaN,mov/ASL_2008_10_10/scene2-camera1.mov,9326,9346,NaN,NaN,NaN,NaN,0,0,0,0
1,142,attempt-fr,NaN,2008_10_10,2,NaN,mov/ASL_2008_10_10/scene2-camera1.mov,9424,9443,NaN,NaN,NaN,NaN,0,0,0,0
1,143,attend,NaN,2008_10_10,2,NaN,mov/ASL_2008_10_10/scene2-camera1.mov,9521,9541,NaN,NaN,NaN,NaN,0,0,0,0
1,144,attendance,NaN,2008_10_10,2,NaN,mov/ASL_2008_10_10/scene2-camera1.mov,9619,9639,NaN,NaN,NaN,NaN,0,0,0,0
1,145,attention2,NaN,2008_10_10,2,NaN,mov/ASL_2008_10_10/scene2-camera1.mov,9717,9737,NaN,NaN,NaN,NaN,0,0,0,0
1,146,attitude,NaN,2008_10_10,2,NaN,mov/ASL_2008_10_10/scene2-camera1.mov,9854,9874,NaN,NaN,NaN,NaN,0,0,0,0
1,147,audience,NaN,2008_10_10,2,NaN,mov/ASL_2008_10_10/scene2-camera1.mov,9991,10030,NaN,NaN,NaN,NaN,0,0,0,0
1,148,audiologist,NaN,2008_10_10,2,NaN,mov/ASL_2008_10_10/scene2-camera1.mov,10147,10186,NaN,NaN,NaN,NaN,0,0,0,0
1,149,audiology,NaN,2008_10_10,2,NaN,mov/ASL_2008_10_10/scene2-camera1.mov,10284,10304,NaN,NaN,NaN,NaN,0,0,0,0
1,150,aunt-fr,NaN,2008_10_10,2,NaN,mov/ASL_2008_10_10/scene2-camera1.mov,10402,10421,NaN,NaN,NaN,NaN,0,0,0,0
1,151,australia1,NaN,2008_10_10,2,NaN,mov/ASL_2008_10_10/scene2-camera1.mov,10538,10558,NaN,NaN,NaN,NaN,0,0,0,0
1,152,australia2-fr,NaN,2008_10_10,2,NaN,mov/ASL_2008_10_10/scene2-camera1.mov,10648,10668,NaN,NaN,NaN,NaN,0,0,0,0
1,153,austria1,NaN,2008_10_10,2,NaN,mov/ASL_2008_10_10/scene2-camera1.mov,10769,10779,NaN,NaN,NaN,NaN,0,0,0,0
1,154,authority,NaN,2008_10_10,2,NaN,mov/ASL_2008_10_10/scene2-camera1.mov,10899,10925,NaN,NaN,NaN,NaN,0,0,0,0
1,155,autumn,NaN,2008_10_10,2,NaN,mov/ASL_2008_10_10/scene2-camera1.mov,11020,11040,NaN,NaN,NaN,NaN,0,0,0,0
1,156,average,NaN,2008_10_10,2,NaN,mov/ASL_2008_10_10/scene2-camera1.mov,11140,11160,NaN,NaN,NaN,NaN,0,0,0,0
1,157,avoid2,NaN,2008_10_10,2,NaN,mov/ASL_2008_10_10/scene2-camera1.mov,11261,11281,NaN,NaN,NaN,NaN,0,0,0,0
1,158,awake,NaN,2008_10_10,2,NaN,mov/ASL_2008_10_10/scene2-camera1.mov,11391,11401,NaN,NaN,NaN,NaN,0,0,0,0
1,159,away-fr,NaN,2008_10_10,2,NaN,mov/ASL_2008_10_10/scene2-camera1.mov,11532,11542,NaN,NaN,NaN,NaN,0,0,0,0
1,160,awful2,NaN,2008_10_10,2,NaN,mov/ASL_2008_10_10/scene2-camera1.mov,11632,11642,NaN,NaN,NaN,NaN,0,0,0,0
1,161,awkward,NaN,2008_10_10,2,NaN,mov/ASL_2008_10_10/scene2-camera1.mov,11742,11762,NaN,NaN,NaN,NaN,0,0,0,0
1,162,B,NaN,2008_10_10,3,NaN,mov/ASL_2008_10_10/scene3-camera1.mov,46,60,NaN,NaN,NaN,NaN,0,0,0,0
1,163,baby,NaN,2008_10_10,3,NaN,mov/ASL_2008_10_10/scene3-camera1.mov,210,243,NaN,NaN,NaN,NaN,0,0,0,0
1,164,bachelor,NaN,2008_10_10,3,NaN,mov/ASL_2008_10_10/scene3-camera1.mov,340,378,NaN,NaN,NaN,NaN,0,0,0,0
1,165,back_in_mind-fr,NaN,2008_10_10,3,NaN,mov/ASL_2008_10_10/scene3-camera1.mov,597,610,NaN,NaN,NaN,NaN,0,0,0,0
1,166,back_together,NaN,2008_10_10,3,NaN,mov/ASL_2008_10_10/scene3-camera1.mov,724,747,NaN,NaN,NaN,NaN,0,0,0,0
1,167,back_up,NaN,2008_10_10,3,NaN,mov/ASL_2008_10_10/scene3-camera1.mov,844,864,NaN,NaN,NaN,NaN,0,0,0,0
1,168,back1-fr,NaN,2008_10_10,3,NaN,mov/ASL_2008_10_10/scene3-camera1.mov,475,490,NaN,NaN,NaN,NaN,0,0,0,0
1,169,back-fr_body,NaN,2008_10_10,3,NaN,mov/ASL_2008_10_10/scene3-camera1.mov,960,985,NaN,NaN,NaN,NaN,0,0,0,0
1,170,background,NaN,2008_10_10,3,NaN,mov/ASL_2008_10_10/scene3-camera1.mov,1085,1100,NaN,NaN,NaN,NaN,0,0,0,0
1,171,backpacking2,NaN,2008_10_10,3,NaN,mov/ASL_2008_10_10/scene3-camera1.mov,1214,1237,NaN,NaN,NaN,NaN,0,0,0,0
1,172,bacon,NaN,2008_10_10,3,NaN,mov/ASL_2008_10_10/scene3-camera1.mov,1315,1331,NaN,NaN,NaN,NaN,0,0,0,0
1,173,bad,NaN,2008_10_10,3,NaN,mov/ASL_2008_10_10/scene3-camera1.mov,1424,1448,NaN,NaN,NaN,NaN,0,0,0,0
1,174,badge1,NaN,2008_10_10,3,NaN,mov/ASL_2008_10_10/scene3-camera1.mov,1564,1574,NaN,NaN,NaN,NaN,0,0,0,0
1,175,badge2,NaN,2008_10_10,3,NaN,mov/ASL_2008_10_10/scene3-camera1.mov,1675,1695,NaN,NaN,NaN,NaN,0,0,0,0
1,176,badge3,NaN,2008_10_10,3,NaN,mov/ASL_2008_10_10/scene3-camera1.mov,1793,1808,NaN,NaN,NaN,NaN,0,0,0,0
1,177,badminton,NaN,2008_10_10,3,NaN,mov/ASL_2008_10_10/scene3-camera1.mov,1915,1938,NaN,NaN,NaN,NaN,0,0,0,0
1,178,bake,NaN,2008_10_10,3,NaN,mov/ASL_2008_10_10/scene3-camera1.mov,2032,2055,NaN,NaN,NaN,NaN,0,0,0,0
1,179,balance,NaN,2008_10_10,3,NaN,mov/ASL_2008_10_10/scene3-camera1.mov,2148,2172,NaN,NaN,NaN,NaN,0,0,0,0
1,180,bald,NaN,2008_10_10,3,NaN,mov/ASL_2008_10_10/scene3-camera1.mov,2305,2325,NaN,NaN,NaN,NaN,0,0,0,0
1,181,ball,NaN,2008_10_10,3,NaN,mov/ASL_2008_10_10/scene3-camera1.mov,2429,2452,NaN,NaN,NaN,NaN,0,0,0,0
1,182,balloon,NaN,2008_10_10,3,NaN,mov/ASL_2008_10_10/scene3-camera1.mov,2975,2592,NaN,NaN,NaN,NaN,0,0,0,0
1,183,baloney,NaN,2008_10_10,3,NaN,mov/ASL_2008_10_10/scene3-camera1.mov,2700,2732,NaN,NaN,NaN,NaN,0,0,0,0
1,184,baltimore,NaN,2008_10_10,3,NaN,mov/ASL_2008_10_10/scene3-camera1.mov,2839,2859,NaN,NaN,NaN,NaN,0,0,0,0
1,185,banana,NaN,2008_10_10,3,NaN,mov/ASL_2008_10_10/scene3-camera1.mov,2966,2989,NaN,NaN,NaN,NaN,0,0,0,0
1,186,bandage,NaN,2008_10_10,3,NaN,mov/ASL_2008_10_10/scene3-camera1.mov,3096,3110,NaN,NaN,NaN,NaN,0,0,0,0
1,187,bangladesh,NaN,2008_10_10,3,NaN,mov/ASL_2008_10_10/scene3-camera1.mov,0,0,NaN,NaN,NaN,NaN,0,0,0,0
1,188,baptist,NaN,2008_10_10,3,NaN,mov/ASL_2008_10_10/scene3-camera1.mov,3339,3358,NaN,NaN,NaN,NaN,0,0,0,0
1,189,bar2-fr,NaN,2008_10_10,3,NaN,mov/ASL_2008_10_10/scene3-camera1.mov,3446,3466,NaN,NaN,NaN,NaN,0,0,0,0
1,190,barber,NaN,2008_10_10,3,NaN,mov/ASL_2008_10_10/scene3-camera1.mov,3578,3620,NaN,NaN,NaN,NaN,0,0,0,0
1,191,bark-fr,NaN,2008_10_10,3,NaN,mov/ASL_2008_10_10/scene3-camera1.mov,3703,3715,NaN,NaN,NaN,NaN,0,0,0,0
1,192,baseball,NaN,2008_10_10,3,NaN,mov/ASL_2008_10_10/scene3-camera1.mov,3807,3830,NaN,NaN,NaN,NaN,0,0,0,0
1,193,basement,NaN,2008_10_10,3,NaN,mov/ASL_2008_10_10/scene3-camera1.mov,3923,3947,NaN,NaN,NaN,NaN,0,0,0,0
1,194,basic,NaN,2008_10_10,3,NaN,mov/ASL_2008_10_10/scene3-camera1.mov,0,0,NaN,NaN,NaN,NaN,0,0,0,0
1,195,basket1,NaN,2008_10_10,3,NaN,mov/ASL_2008_10_10/scene3-camera1.mov,4217,4237,NaN,NaN,NaN,NaN,0,0,0,0
1,196,basket2,NaN,2008_10_10,3,NaN,mov/ASL_2008_10_10/scene3-camera1.mov,4344,4367,NaN,NaN,NaN,NaN,0,0,0,0
1,197,basket3,NaN,2008_10_10,3,NaN,mov/ASL_2008_10_10/scene3-camera1.mov,4465,4484,NaN,NaN,NaN,NaN,0,0,0,0
1,198,basketball1,NaN,2008_10_10,3,NaN,mov/ASL_2008_10_10/scene3-camera1.mov,4601,4624,NaN,NaN,NaN,NaN,0,0,0,0
1,199,bat,NaN,2008_10_10,3,NaN,mov/ASL_2008_10_10/scene3-camera1.mov,4710,4730,NaN,NaN,NaN,NaN,0,0,0,0
1,200,bath,NaN,2008_10_10,3,NaN,mov/ASL_2008_10_10/scene3-camera1.mov,4842,4858,NaN,NaN,NaN,NaN,0,0,0,0
1,201,bathing_suit,NaN,2008_10_10,3,NaN,mov/ASL_2008_10_10/scene3-camera1.mov,4968,4984,NaN,NaN,NaN,NaN,0,0,0,0
1,202,bathrobe1,NaN,2008_10_10,3,NaN,mov/ASL_2008_10_10/scene3-camera1.mov,5085,5138,NaN,NaN,NaN,NaN,0,0,0,0
1,203,bathrobe2,NaN,2008_10_10,3,NaN,mov/ASL_2008_10_10/scene3-camera1.mov,5236,5255,NaN,NaN,NaN,NaN,0,0,0,0
1,204,bathroom,NaN,2008_10_10,3,NaN,mov/ASL_2008_10_10/scene3-camera1.mov,5352,5373,NaN,NaN,NaN,NaN,0,0,0,0
1,205,bathtub,NaN,2008_10_10,3,NaN,mov/ASL_2008_10_10/scene3-camera1.mov,5537,5558,NaN,NaN,NaN,NaN,0,0,0,0
1,206,bawl_out-fr,NaN,2008_10_10,3,NaN,mov/ASL_2008_10_10/scene3-camera1.mov,5665,5685,NaN,NaN,NaN,NaN,0,0,0,0
1,207,be_careful,NaN,2008_10_10,3,NaN,mov/ASL_2008_10_10/scene3-camera1.mov,5792,5815,NaN,NaN,NaN,NaN,0,0,0,0
1,208,beach2,NaN,2008_10_10,3,NaN,mov/ASL_2008_10_10/scene3-camera1.mov,5932,5955,NaN,NaN,NaN,NaN,0,0,0,0
1,209,beans,NaN,2008_10_10,3,NaN,mov/ASL_2008_10_10/scene3-camera1.mov,6062,6082,NaN,NaN,NaN,NaN,0,0,0,0
1,210,bear,NaN,2008_10_10,3,NaN,mov/ASL_2008_10_10/scene3-camera1.mov,6185,6212,NaN,NaN,NaN,NaN,0,0,0,0
1,211,beard,NaN,2008_10_10,3,NaN,mov/ASL_2008_10_10/scene3-camera1.mov,6329,6352,NaN,NaN,NaN,NaN,0,0,0,0
1,212,beat_abuse,NaN,2008_10_10,3,NaN,mov/ASL_2008_10_10/scene3-camera1.mov,6446,6469,NaN,NaN,NaN,NaN,0,0,0,0
1,213,beat_hit-fr,NaN,2008_10_10,3,NaN,mov/ASL_2008_10_10/scene3-camera1.mov,6576,6596,NaN,NaN,NaN,NaN,0,0,0,0
1,214,beautiful,NaN,2008_10_10,3,NaN,mov/ASL_2008_10_10/scene3-camera1.mov,6685,6708,NaN,NaN,NaN,NaN,0,0,0,0
1,215,because1,NaN,2008_10_10,3,NaN,mov/ASL_2008_10_10/scene3-camera1.mov,6798,6820,NaN,NaN,NaN,NaN,0,0,0,0
1,216,become,NaN,2008_10_10,3,NaN,mov/ASL_2008_10_10/scene3-camera1.mov,6913,6940,NaN,NaN,NaN,NaN,0,0,0,0
1,217,become_fat,NaN,2008_10_10,3,NaN,mov/ASL_2008_10_10/scene3-camera1.mov,7015,7030,NaN,NaN,NaN,NaN,0,0,0,0
1,218,bed,NaN,2008_10_10,3,NaN,mov/ASL_2008_10_10/scene3-camera1.mov,7118,7132,NaN,NaN,NaN,NaN,0,0,0,0
1,219,bedroom,NaN,2008_10_10,3,NaN,mov/ASL_2008_10_10/scene3-camera1.mov,7240,7270,NaN,NaN,NaN,NaN,0,0,0,0
1,220,bee,NaN,2008_10_10,3,NaN,mov/ASL_2008_10_10/scene3-camera1.mov,0,0,NaN,NaN,NaN,NaN,0,0,0,0
1,221,beer,NaN,2008_10_10,3,NaN,mov/ASL_2008_10_10/scene3-camera1.mov,7598,7616,NaN,NaN,NaN,NaN,0,0,0,0
1,222,before1,NaN,2008_10_10,3,NaN,mov/ASL_2008_10_10/scene3-camera1.mov,7686,7707,NaN,NaN,NaN,NaN,0,0,0,0
1,223,before2-fr,NaN,2008_10_10,3,NaN,mov/ASL_2008_10_10/scene3-camera1.mov,7780,7801,NaN,NaN,NaN,NaN,0,0,0,0
1,224,beg-fr,NaN,2008_10_10,3,NaN,mov/ASL_2008_10_10/scene3-camera1.mov,7894,7917,NaN,NaN,NaN,NaN,0,0,0,0
1,225,beggar,NaN,2008_10_10,3,NaN,mov/ASL_2008_10_10/scene3-camera1.mov,8058,8098,NaN,NaN,NaN,NaN,0,0,0,0
1,226,behavior-n1,NaN,2008_10_10,3,NaN,mov/ASL_2008_10_10/scene3-camera1.mov,8208,8228,NaN,NaN,NaN,NaN,0,0,0,0
1,227,behavior-n2,NaN,2008_10_10,3,NaN,mov/ASL_2008_10_10/scene3-camera1.mov,8338,8361,NaN,NaN,NaN,NaN,0,0,0,0
1,228,behind_time,NaN,2008_10_10,3,NaN,mov/ASL_2008_10_10/scene3-camera1.mov,8491,8511,NaN,NaN,NaN,NaN,0,0,0,0
1,229,beijing,NaN,2008_10_10,3,NaN,mov/ASL_2008_10_10/scene3-camera1.mov,8621,8641,NaN,NaN,NaN,NaN,0,0,0,0
1,230,belgium1,NaN,2008_10_10,3,NaN,mov/ASL_2008_10_10/scene3-camera1.mov,0,0,NaN,NaN,NaN,NaN,0,0,0,0
1,231,belgium2,NaN,2008_10_10,3,NaN,mov/ASL_2008_10_10/scene3-camera1.mov,8855,8875,NaN,NaN,NaN,NaN,0,0,0,0
1,232,believe,NaN,2008_10_10,3,NaN,mov/ASL_2008_10_10/scene3-camera1.mov,8975,8998,NaN,NaN,NaN,NaN,0,0,0,0
1,233,belize,NaN,2008_10_10,3,NaN,mov/ASL_2008_10_10/scene3-camera1.mov,0,0,NaN,NaN,NaN,NaN,0,0,0,0
1,234,bell,NaN,2008_10_10,3,NaN,mov/ASL_2008_10_10/scene3-camera1.mov,9245,9258,NaN,NaN,NaN,NaN,0,0,0,0
1,235,belong1,NaN,2008_10_10,3,NaN,mov/ASL_2008_10_10/scene3-camera1.mov,9376,9396,NaN,NaN,NaN,NaN,0,0,0,0
1,236,belong2,NaN,2008_10_10,3,NaN,mov/ASL_2008_10_10/scene3-camera1.mov,9494,9518,NaN,NaN,NaN,NaN,0,0,0,0
1,237,belong3,NaN,2008_10_10,3,NaN,mov/ASL_2008_10_10/scene3-camera1.mov,9655,9675,NaN,NaN,NaN,NaN,0,0,0,0
1,238,below1,NaN,2008_10_10,3,NaN,mov/ASL_2008_10_10/scene3-camera1.mov,9754,9778,NaN,NaN,NaN,NaN,0,0,0,0
1,239,below2,NaN,2008_10_10,3,NaN,mov/ASL_2008_10_10/scene3-camera1.mov,9870,9894,NaN,NaN,NaN,NaN,0,0,0,0
1,240,belt,NaN,2008_10_10,3,NaN,mov/ASL_2008_10_10/scene3-camera1.mov,9984,10016,NaN,NaN,NaN,NaN,0,0,0,0
1,241,benefit,NaN,2008_10_10,3,NaN,mov/ASL_2008_10_10/scene3-camera1.mov,10108,10132,NaN,NaN,NaN,NaN,0,0,0,0
1,242,beside,NaN,2008_10_10,3,NaN,mov/ASL_2008_10_10/scene3-camera1.mov,10222,10250,NaN,NaN,NaN,NaN,0,0,0,0
1,243,best,NaN,2008_10_10,3,NaN,mov/ASL_2008_10_10/scene3-camera1.mov,10352,10368,NaN,NaN,NaN,NaN,0,0,0,0
1,244,bet,NaN,2008_10_10,3,NaN,mov/ASL_2008_10_10/scene3-camera1.mov,10470,10486,NaN,NaN,NaN,NaN,0,0,0,0
1,245,better,NaN,2008_10_10,3,NaN,mov/ASL_2008_10_10/scene3-camera1.mov,10581,1598,NaN,NaN,NaN,NaN,0,0,0,0
1,246,between2,NaN,2008_10_10,3,NaN,mov/ASL_2008_10_10/scene3-camera1.mov,10699,10722,NaN,NaN,NaN,NaN,0,0,0,0
1,247,beyond-fr,NaN,2008_10_10,3,NaN,mov/ASL_2008_10_10/scene3-camera1.mov,10835,10864,NaN,NaN,NaN,NaN,0,0,0,0
1,248,bible,NaN,2008_10_10,3,NaN,mov/ASL_2008_10_10/scene3-camera1.mov,10959,11006,NaN,NaN,NaN,NaN,0,0,0,0
1,249,bicycle-fr,NaN,2008_10_10,3,NaN,mov/ASL_2008_10_10/scene3-camera1.mov,11100,11124,NaN,NaN,NaN,NaN,0,0,0,0
1,250,big,NaN,2008_10_10,3,NaN,mov/ASL_2008_10_10/scene3-camera1.mov,11200,11218,NaN,NaN,NaN,NaN,0,0,0,0
1,251,bikini,NaN,2008_10_10,3,NaN,mov/ASL_2008_10_10/scene3-camera1.mov,11336,11355,NaN,NaN,NaN,NaN,0,0,0,0
1,252,billion-fr,NaN,2008_10_10,3,NaN,mov/ASL_2008_10_10/scene3-camera1.mov,11468,11488,NaN,NaN,NaN,NaN,0,0,0,0
1,253,bind,NaN,2008_10_10,3,NaN,mov/ASL_2008_10_10/scene3-camera1.mov,11570,11596,NaN,NaN,NaN,NaN,0,0,0,0
1,254,biology,NaN,2008_10_10,3,NaN,mov/ASL_2008_10_10/scene3-camera1.mov,11710,11736,NaN,NaN,NaN,NaN,0,0,0,0
1,255,bird,NaN,2008_10_10,3,NaN,mov/ASL_2008_10_10/scene3-camera1.mov,11846,11870,NaN,NaN,NaN,NaN,0,0,0,0
1,256,birthday1,NaN,2008_10_10,3,NaN,mov/ASL_2008_10_10/scene3-camera1.mov,11951,11974,NaN,NaN,NaN,NaN,0,0,0,0
1,257,birthday2,NaN,2008_10_10,3,NaN,mov/ASL_2008_10_10/scene3-camera1.mov,12110,12140,NaN,NaN,NaN,NaN,0,0,0,0
1,258,birthday3-fr,NaN,2008_10_10,3,NaN,mov/ASL_2008_10_10/scene3-camera1.mov,12220,12234,NaN,NaN,NaN,NaN,0,0,0,0
1,259,bison,NaN,2008_10_10,3,NaN,mov/ASL_2008_10_10/scene3-camera1.mov,12325,12352,NaN,NaN,NaN,NaN,0,0,0,0
1,260,bite,NaN,2008_10_10,3,NaN,mov/ASL_2008_10_10/scene3-camera1.mov,12450,12470,NaN,NaN,NaN,NaN,0,0,0,0
1,261,black,NaN,2008_10_10,3,NaN,mov/ASL_2008_10_10/scene3-camera1.mov,12550,12570,NaN,NaN,NaN,NaN,0,0,0,0
1,262,blackberry,NaN,2008_10_10,3,NaN,mov/ASL_2008_10_10/scene3-camera1.mov,12683,12730,NaN,NaN,NaN,NaN,0,0,0,0
1,263,blame-fr,NaN,2008_10_10,3,NaN,mov/ASL_2008_10_10/scene3-camera1.mov,12828,12850,NaN,NaN,NaN,NaN,0,0,0,0
1,264,blanket-n,NaN,2008_10_10,3,NaN,mov/ASL_2008_10_10/scene3-camera1.mov,12966,12990,NaN,NaN,NaN,NaN,0,0,0,0
1,265,blanket-v,NaN,2008_10_10,3,NaN,mov/ASL_2008_10_10/scene3-camera1.mov,13086,13108,NaN,NaN,NaN,NaN,0,0,0,0
1,266,blank-out,NaN,2008_10_10,3,NaN,mov/ASL_2008_10_10/scene3-camera1.mov,13212,13227,NaN,NaN,NaN,NaN,0,0,0,0
1,267,bless,NaN,2008_10_10,3,NaN,mov/ASL_2008_10_10/scene3-camera1.mov,13365,13391,NaN,NaN,NaN,NaN,0,0,0,0
1,268,blind1,NaN,2008_10_10,3,NaN,mov/ASL_2008_10_10/scene3-camera1.mov,13476,13496,NaN,NaN,NaN,NaN,0,0,0,0
1,269,blind2,NaN,2008_10_10,3,NaN,mov/ASL_2008_10_10/scene3-camera1.mov,13585,13604,NaN,NaN,NaN,NaN,0,0,0,0
1,270,blinds1,NaN,2008_10_10,3,NaN,mov/ASL_2008_10_10/scene3-camera1.mov,13720,13746,NaN,NaN,NaN,NaN,0,0,0,0
1,271,blinds2,NaN,2008_10_10,3,NaN,mov/ASL_2008_10_10/scene3-camera1.mov,13850,13868,NaN,NaN,NaN,NaN,0,0,0,0
1,272,blink,NaN,2008_10_10,3,NaN,mov/ASL_2008_10_10/scene3-camera1.mov,13972,13992,NaN,NaN,NaN,NaN,0,0,0,0
1,273,block,NaN,2008_10_10,3,NaN,mov/ASL_2008_10_10/scene3-camera1.mov,14100,14123,NaN,NaN,NaN,NaN,0,0,0,0
1,274,blockheaded-fr,NaN,2008_10_10,3,NaN,mov/ASL_2008_10_10/scene3-camera1.mov,14406,14426,NaN,NaN,NaN,NaN,0,0,0,0
1,275,blond1,NaN,2008_10_10,3,NaN,mov/ASL_2008_10_10/scene3-camera1.mov,14505,14525,NaN,NaN,NaN,NaN,0,0,0,0
1,276,blond2,NaN,2008_10_10,3,NaN,mov/ASL_2008_10_10/scene3-camera1.mov,14643,14664,NaN,NaN,NaN,NaN,0,0,0,0
1,277,blood,NaN,2008_10_10,4,NaN,mov/ASL_2008_10_10/scene4-camera1.mov,34,69,NaN,NaN,NaN,NaN,0,0,0,0
1,278,blossom,NaN,2008_10_10,4,NaN,mov/ASL_2008_10_10/scene4-camera1.mov,214,230,NaN,NaN,NaN,NaN,0,0,0,0
1,279,blouse,NaN,2008_10_10,4,NaN,mov/ASL_2008_10_10/scene4-camera1.mov,332,349,NaN,NaN,NaN,NaN,0,0,0,0
1,280,blow_nose,NaN,2008_10_10,4,NaN,mov/ASL_2008_10_10/scene4-camera1.mov,442,454,NaN,NaN,NaN,NaN,0,0,0,0
1,281,blow_nose2,NaN,2008_10_10,4,NaN,mov/ASL_2008_10_10/scene4-camera1.mov,571,594,NaN,NaN,NaN,NaN,0,0,0,0
1,282,blow_up1,NaN,2008_10_10,4,NaN,mov/ASL_2008_10_10/scene4-camera1.mov,699,716,NaN,NaN,NaN,NaN,0,0,0,0
1,283,blue,NaN,2008_10_10,4,NaN,mov/ASL_2008_10_10/scene4-camera1.mov,815,830,NaN,NaN,NaN,NaN,0,0,0,0
1,284,blueberry,NaN,2008_10_10,4,NaN,mov/ASL_2008_10_10/scene4-camera1.mov,926,961,NaN,NaN,NaN,NaN,0,0,0,0
1,285,blush,NaN,2008_10_10,4,NaN,mov/ASL_2008_10_10/scene4-camera1.mov,1101,1136,NaN,NaN,NaN,NaN,0,0,0,0
1,286,boat,NaN,2008_10_10,4,NaN,mov/ASL_2008_10_10/scene4-camera1.mov,1259,1294,NaN,NaN,NaN,NaN,0,0,0,0
1,287,body,NaN,2008_10_10,4,NaN,mov/ASL_2008_10_10/scene4-camera1.mov,1398,1416,NaN,NaN,NaN,NaN,0,0,0,0
1,288,boil,NaN,2008_10_10,4,NaN,mov/ASL_2008_10_10/scene4-camera1.mov,1538,1556,NaN,NaN,NaN,NaN,0,0,0,0
1,289,boiling_mad,NaN,2008_10_10,4,NaN,mov/ASL_2008_10_10/scene4-camera1.mov,1696,1731,NaN,NaN,NaN,NaN,0,0,0,0
1,290,bolivia-fr,NaN,2008_10_10,4,NaN,mov/ASL_2008_10_10/scene4-camera1.mov,1836,1853,NaN,NaN,NaN,NaN,0,0,0,0
1,291,bomb1,NaN,2008_10_10,4,NaN,mov/ASL_2008_10_10/scene4-camera1.mov,1958,1975,NaN,NaN,NaN,NaN,0,0,0,0
1,292,bomb2,NaN,2008_10_10,4,NaN,mov/ASL_2008_10_10/scene4-camera1.mov,2080,2098,NaN,NaN,NaN,NaN,0,0,0,0
1,293,bombay,NaN,2008_10_10,4,NaN,mov/ASL_2008_10_10/scene4-camera1.mov,2203,2220,NaN,NaN,NaN,NaN,0,0,0,0
1,294,boots,NaN,2008_10_10,4,NaN,mov/ASL_2008_10_10/scene4-camera1.mov,2448,2483,NaN,NaN,NaN,NaN,0,0,0,0
1,295,bored,NaN,2008_10_10,4,NaN,mov/ASL_2008_10_10/scene4-camera1.mov,2575,2590,NaN,NaN,NaN,NaN,0,0,0,0
1,296,born1,NaN,2008_10_10,4,NaN,mov/ASL_2008_10_10/scene4-camera1.mov,2692,2710,NaN,NaN,NaN,NaN,0,0,0,0
1,297,born2,NaN,2008_10_10,4,NaN,mov/ASL_2008_10_10/scene4-camera1.mov,2708,2832,NaN,NaN,NaN,NaN,0,0,0,0
1,298,borrow,NaN,2008_10_10,4,NaN,mov/ASL_2008_10_10/scene4-camera1.mov,2920,2937,NaN,NaN,NaN,NaN,0,0,0,0
1,299,boss1,NaN,2008_10_10,4,NaN,mov/ASL_2008_10_10/scene4-camera1.mov,3040,3060,NaN,NaN,NaN,NaN,0,0,0,0
1,300,boss2,NaN,2008_10_10,4,NaN,mov/ASL_2008_10_10/scene4-camera1.mov,3147,3165,NaN,NaN,NaN,NaN,0,0,0,0
1,301,boston,NaN,2008_10_10,4,NaN,mov/ASL_2008_10_10/scene4-camera1.mov,3250,3270,NaN,NaN,NaN,NaN,0,0,0,0
1,302,both,NaN,2008_10_10,4,NaN,mov/ASL_2008_10_10/scene4-camera1.mov,3339,3357,NaN,NaN,NaN,NaN,0,0,0,0
1,303,botswana,NaN,2008_10_10,4,NaN,mov/ASL_2008_10_10/scene4-camera1.mov,3444,3462,NaN,NaN,NaN,NaN,0,0,0,0
1,304,bottle,NaN,2008_10_10,4,NaN,mov/ASL_2008_10_10/scene4-camera1.mov,3552,3568,NaN,NaN,NaN,NaN,0,0,0,0
1,305,bounce,NaN,2008_10_10,4,NaN,mov/ASL_2008_10_10/scene4-camera1.mov,3655,3689,NaN,NaN,NaN,NaN,0,0,0,0
1,306,bowling,NaN,2008_10_10,4,NaN,mov/ASL_2008_10_10/scene4-camera1.mov,3895,3930,NaN,NaN,NaN,NaN,0,0,0,0
1,307,bowtie2,NaN,2008_10_10,4,NaN,mov/ASL_2008_10_10/scene4-camera1.mov,4169,4196,NaN,NaN,NaN,NaN,0,0,0,0
1,308,bowtie3,NaN,2008_10_10,4,NaN,mov/ASL_2008_10_10/scene4-camera1.mov,4285,4295,NaN,NaN,NaN,NaN,0,0,0,0
1,309,boxing1,NaN,2008_10_10,4,NaN,mov/ASL_2008_10_10/scene4-camera1.mov,4520,4560,NaN,NaN,NaN,NaN,0,0,0,0
1,310,boxing2,NaN,2008_10_10,4,NaN,mov/ASL_2008_10_10/scene4-camera1.mov,4640,4675,NaN,NaN,NaN,NaN,0,0,0,0
1,311,boy,NaN,2008_10_10,4,NaN,mov/ASL_2008_10_10/scene4-camera1.mov,4762,4779,NaN,NaN,NaN,NaN,0,0,0,0
1,312,boyfriend,NaN,2008_10_10,4,NaN,mov/ASL_2008_10_10/scene4-camera1.mov,4872,4898,NaN,NaN,NaN,NaN,0,0,0,0
1,313,bra,NaN,2008_10_10,4,NaN,mov/ASL_2008_10_10/scene4-camera1.mov,5004,5018,NaN,NaN,NaN,NaN,0,0,0,0
1,314,bracelet1,NaN,2008_10_10,4,NaN,mov/ASL_2008_10_10/scene4-camera1.mov,5137,5157,NaN,NaN,NaN,NaN,0,0,0,0
1,315,brag,NaN,2008_10_10,4,NaN,mov/ASL_2008_10_10/scene4-camera1.mov,5260,5296,NaN,NaN,NaN,NaN,0,0,0,0
1,316,brain,NaN,2008_10_10,4,NaN,mov/ASL_2008_10_10/scene4-camera1.mov,5370,5392,NaN,NaN,NaN,NaN,0,0,0,0
1,317,brake2,NaN,2008_10_10,4,NaN,mov/ASL_2008_10_10/scene4-camera1.mov,5536,5542,NaN,NaN,NaN,NaN,0,0,0,0
1,318,branch_fork_in_road,NaN,2008_10_10,4,NaN,mov/ASL_2008_10_10/scene4-camera1.mov,5860,5885,NaN,NaN,NaN,NaN,0,0,0,0
1,319,brave-fr,NaN,2008_10_10,4,NaN,mov/ASL_2008_10_10/scene4-camera1.mov,5972,5981,NaN,NaN,NaN,NaN,0,0,0,0
1,320,brawl_big_fight,NaN,2008_10_10,4,NaN,mov/ASL_2008_10_10/scene4-camera1.mov,6080,6094,NaN,NaN,NaN,NaN,0,0,0,0
1,321,brazil,NaN,2008_10_10,4,NaN,mov/ASL_2008_10_10/scene4-camera1.mov,6188,6206,NaN,NaN,NaN,NaN,0,0,0,0
1,322,bread,NaN,2008_10_10,4,NaN,mov/ASL_2008_10_10/scene4-camera1.mov,6302,6329,NaN,NaN,NaN,NaN,0,0,0,0
1,323,break_record,NaN,2008_10_10,4,NaN,mov/ASL_2008_10_10/scene4-camera1.mov,6426,6440,NaN,NaN,NaN,NaN,0,0,0,0
1,324,break1,NaN,2008_10_10,4,NaN,mov/ASL_2008_10_10/scene4-camera1.mov,6532,6554,NaN,NaN,NaN,NaN,0,0,0,0
1,325,break2,NaN,2008_10_10,4,NaN,mov/ASL_2008_10_10/scene4-camera1.mov,6650,6663,NaN,NaN,NaN,NaN,0,0,0,0
1,326,breakdown1,NaN,2008_10_10,4,NaN,mov/ASL_2008_10_10/scene4-camera1.mov,6765,6787,NaN,NaN,NaN,NaN,0,0,0,0
1,327,breakdown2,NaN,2008_10_10,4,NaN,mov/ASL_2008_10_10/scene4-camera1.mov,6908,6929,NaN,NaN,NaN,NaN,0,0,0,0
1,328,breakfast,NaN,2008_10_10,4,NaN,mov/ASL_2008_10_10/scene4-camera1.mov,7193,7220,NaN,NaN,NaN,NaN,0,0,0,0
1,329,breasts,NaN,2008_10_10,4,NaN,mov/ASL_2008_10_10/scene4-camera1.mov,7308,7324,NaN,NaN,NaN,NaN,0,0,0,0
1,330,breathe,NaN,2008_10_10,4,NaN,mov/ASL_2008_10_10/scene4-camera1.mov,7412,7436,NaN,NaN,NaN,NaN,0,0,0,0
1,331,bridge,NaN,2008_10_10,4,NaN,mov/ASL_2008_10_10/scene4-camera1.mov,7545,7562,NaN,NaN,NaN,NaN,0,0,0,0
1,332,bring,NaN,2008_10_10,4,NaN,mov/ASL_2008_10_10/scene4-camera1.mov,7646,7665,NaN,NaN,NaN,NaN,0,0,0,0
1,333,broke,NaN,2008_10_10,4,NaN,mov/ASL_2008_10_10/scene4-camera1.mov,7766,7778,NaN,NaN,NaN,NaN,0,0,0,0
1,334,broom1,NaN,2008_10_10,4,NaN,mov/ASL_2008_10_10/scene4-camera1.mov,7886,7918,NaN,NaN,NaN,NaN,0,0,0,0
1,335,broom2,NaN,2008_10_10,4,NaN,mov/ASL_2008_10_10/scene4-camera1.mov,8002,8042,NaN,NaN,NaN,NaN,0,0,0,0
1,336,brother_in_law-side,NaN,2008_10_10,4,NaN,mov/ASL_2008_10_10/scene4-camera1.mov,8374,8414,NaN,NaN,NaN,NaN,0,0,0,0
1,337,brother2,NaN,2008_10_10,4,NaN,mov/ASL_2008_10_10/scene4-camera1.mov,8248,8270,NaN,NaN,NaN,NaN,0,0,0,0
1,338,brown,NaN,2008_10_10,4,NaN,mov/ASL_2008_10_10/scene4-camera1.mov,8515,8530,NaN,NaN,NaN,NaN,0,0,0,0
1,339,brush_for_make_up,NaN,2008_10_10,4,NaN,mov/ASL_2008_10_10/scene4-camera1.mov,8627,8672,NaN,NaN,NaN,NaN,0,0,0,0
1,340,brushing_teeth,NaN,2008_10_10,4,NaN,mov/ASL_2008_10_10/scene4-camera1.mov,8752,8780,NaN,NaN,NaN,NaN,0,0,0,0
1,341,bucket,NaN,2008_10_10,4,NaN,mov/ASL_2008_10_10/scene4-camera1.mov,8871,8911,NaN,NaN,NaN,NaN,0,0,0,0
1,342,bug,NaN,2008_10_10,4,NaN,mov/ASL_2008_10_10/scene4-camera1.mov,8992,9020,NaN,NaN,NaN,NaN,0,0,0,0
1,343,build_up,NaN,2008_10_10,4,NaN,mov/ASL_2008_10_10/scene4-camera1.mov,9098,9131,NaN,NaN,NaN,NaN,0,0,0,0
1,344,building1,NaN,2008_10_10,4,NaN,mov/ASL_2008_10_10/scene4-camera1.mov,9210,9244,NaN,NaN,NaN,NaN,0,0,0,0
1,345,building2,NaN,2008_10_10,4,NaN,mov/ASL_2008_10_10/scene4-camera1.mov,9334,9366,NaN,NaN,NaN,NaN,0,0,0,0
1,346,bulgaria,NaN,2008_10_10,4,NaN,mov/ASL_2008_10_10/scene4-camera1.mov,9557,9571,NaN,NaN,NaN,NaN,0,0,0,0
1,347,bull1,NaN,2008_10_10,4,NaN,mov/ASL_2008_10_10/scene4-camera1.mov,9673,9680,NaN,NaN,NaN,NaN,0,0,0,0
1,348,bull2,NaN,2008_10_10,4,NaN,mov/ASL_2008_10_10/scene4-camera1.mov,9795,9814,NaN,NaN,NaN,NaN,0,0,0,0
1,349,burn2,NaN,2008_10_10,4,NaN,mov/ASL_2008_10_10/scene4-camera1.mov,9905,9922,NaN,NaN,NaN,NaN,0,0,0,0
1,350,bury,NaN,2008_10_10,4,NaN,mov/ASL_2008_10_10/scene4-camera1.mov,10016,10048,NaN,NaN,NaN,NaN,0,0,0,0
1,351,bus,NaN,2008_10_10,4,NaN,mov/ASL_2008_10_10/scene4-camera1.mov,10171,10188,NaN,NaN,NaN,NaN,0,0,0,0
1,352,business,NaN,2008_10_10,4,NaN,mov/ASL_2008_10_10/scene4-camera1.mov,10281,10300,NaN,NaN,NaN,NaN,0,0,0,0
1,353,busy2,NaN,2008_10_10,4,NaN,mov/ASL_2008_10_10/scene4-camera1.mov,10392,10420,NaN,NaN,NaN,NaN,0,0,0,0
1,354,but2,NaN,2008_10_10,4,NaN,mov/ASL_2008_10_10/scene4-camera1.mov,10480,10498,NaN,NaN,NaN,NaN,0,0,0,0
1,355,butter,NaN,2008_10_10,4,NaN,mov/ASL_2008_10_10/scene4-camera1.mov,10580,10611,NaN,NaN,NaN,NaN,0,0,0,0
1,356,butterfly-fr,NaN,2008_10_10,4,NaN,mov/ASL_2008_10_10/scene4-camera1.mov,10712,10734,NaN,NaN,NaN,NaN,0,0,0,0
1,357,buttons,NaN,2008_10_10,4,NaN,mov/ASL_2008_10_10/scene4-camera1.mov,10827,10858,NaN,NaN,NaN,NaN,0,0,0,0
1,358,buy,NaN,2008_10_10,4,NaN,mov/ASL_2008_10_10/scene4-camera1.mov,10974,10989,NaN,NaN,NaN,NaN,0,0,0,0
1,359,C,NaN,2008_10_10,5,NaN,mov/ASL_2008_10_10/scene5-camera1.mov,33,55,NaN,NaN,NaN,NaN,0,0,0,0
1,360,c_o,NaN,2008_10_10,5,NaN,mov/ASL_2008_10_10/scene5-camera1.mov,168,173,NaN,NaN,NaN,NaN,0,0,0,0
1,361,c_p,NaN,2008_10_10,5,NaN,mov/ASL_2008_10_10/scene5-camera1.mov,266,279,NaN,NaN,NaN,NaN,0,0,0,0
1,362,cabbage-fr,NaN,2008_10_10,5,NaN,mov/ASL_2008_10_10/scene5-camera1.mov,374,395,NaN,NaN,NaN,NaN,0,0,0,0
1,363,cabinet-fr,NaN,2008_10_10,5,NaN,mov/ASL_2008_10_10/scene5-camera1.mov,480,538,NaN,NaN,NaN,NaN,0,0,0,0
1,364,cafeteria,NaN,2008_10_10,5,NaN,mov/ASL_2008_10_10/scene5-camera1.mov,615,637,NaN,NaN,NaN,NaN,0,0,0,0
1,365,cake,NaN,2008_10_10,5,NaN,mov/ASL_2008_10_10/scene5-camera1.mov,711,725,NaN,NaN,NaN,NaN,0,0,0,0
1,366,calculus,NaN,2008_10_10,5,NaN,mov/ASL_2008_10_10/scene5-camera1.mov,812,837,NaN,NaN,NaN,NaN,0,0,0,0
1,367,california,NaN,2008_10_10,5,NaN,mov/ASL_2008_10_10/scene5-camera1.mov,921,935,NaN,NaN,NaN,NaN,0,0,0,0
1,368,call_on_phone,NaN,2008_10_10,5,NaN,mov/ASL_2008_10_10/scene5-camera1.mov,1020,1040,NaN,NaN,NaN,NaN,0,0,0,0
1,369,call_on_tty,NaN,2008_10_10,5,NaN,mov/ASL_2008_10_10/scene5-camera1.mov,1157,1175,NaN,NaN,NaN,NaN,0,0,0,0
1,370,camera,NaN,2008_10_10,5,NaN,mov/ASL_2008_10_10/scene5-camera1.mov,1272,1295,NaN,NaN,NaN,NaN,0,0,0,0
1,371,camp_noun,NaN,2008_10_10,5,NaN,mov/ASL_2008_10_10/scene5-camera1.mov,1412,1435,NaN,NaN,NaN,NaN,0,0,0,0
1,372,camping,NaN,2008_10_10,5,NaN,mov/ASL_2008_10_10/scene5-camera1.mov,1533,1558,NaN,NaN,NaN,NaN,0,0,0,0
1,373,can1,NaN,2008_10_10,5,NaN,mov/ASL_2008_10_10/scene5-camera1.mov,1671,1688,NaN,NaN,NaN,NaN,0,0,0,0
1,374,canada,NaN,2008_10_10,5,NaN,mov/ASL_2008_10_10/scene5-camera1.mov,1921,1957,NaN,NaN,NaN,NaN,0,0,0,0
1,375,candle,NaN,2008_10_10,5,NaN,mov/ASL_2008_10_10/scene5-camera1.mov,2034,2064,NaN,NaN,NaN,NaN,0,0,0,0
1,376,candy_cane,NaN,2008_10_10,5,NaN,mov/ASL_2008_10_10/scene5-camera1.mov,0,0,NaN,NaN,NaN,NaN,0,0,0,0
1,377,candy1,NaN,2008_10_10,5,NaN,mov/ASL_2008_10_10/scene5-camera1.mov,2157,2176,NaN,NaN,NaN,NaN,0,0,0,0
1,378,candy2,NaN,2008_10_10,5,NaN,mov/ASL_2008_10_10/scene5-camera1.mov,2274,2294,NaN,NaN,NaN,NaN,0,0,0,0
1,379,cane,NaN,2008_10_10,6,NaN,mov/ASL_2008_10_10/scene6-camera1.mov,337,375,NaN,NaN,NaN,NaN,0,0,0,0
1,380,canoe,NaN,2008_10_10,6,NaN,mov/ASL_2008_10_10/scene6-camera1.mov,459,491,NaN,NaN,NaN,NaN,0,0,0,0
1,381,canoeing,NaN,2008_10_10,6,NaN,mov/ASL_2008_10_10/scene6-camera1.mov,595,640,NaN,NaN,NaN,NaN,0,0,0,0
1,382,cant-fr,NaN,2008_10_10,6,NaN,mov/ASL_2008_10_10/scene6-camera1.mov,738,750,NaN,NaN,NaN,NaN,0,0,0,0
1,383,capital_letter,NaN,2008_10_10,6,NaN,mov/ASL_2008_10_10/scene6-camera1.mov,1081,1100,NaN,NaN,NaN,NaN,0,0,0,0
1,384,capital1,NaN,2008_10_10,6,NaN,mov/ASL_2008_10_10/scene6-camera1.mov,839,862,NaN,NaN,NaN,NaN,0,0,0,0
1,385,capital2,NaN,2008_10_10,6,NaN,mov/ASL_2008_10_10/scene6-camera1.mov,963,994,NaN,NaN,NaN,NaN,0,0,0,0
1,386,capture1,NaN,2008_10_10,6,NaN,mov/ASL_2008_10_10/scene6-camera1.mov,1283,1296,NaN,NaN,NaN,NaN,0,0,0,0
1,387,car_dashboard,NaN,2008_10_10,6,NaN,mov/ASL_2008_10_10/scene6-camera1.mov,1547,1594,NaN,NaN,NaN,NaN,0,0,0,0
1,388,car2,NaN,2008_10_10,6,NaN,mov/ASL_2008_10_10/scene6-camera1.mov,1414,1447,NaN,NaN,NaN,NaN,0,0,0,0
1,389,careless,NaN,2008_10_10,6,NaN,mov/ASL_2008_10_10/scene6-camera1.mov,1687,1708,NaN,NaN,NaN,NaN,0,0,0,0
1,390,carpenter-fr,NaN,2008_10_10,6,NaN,mov/ASL_2008_10_10/scene6-camera1.mov,1796,1820,NaN,NaN,NaN,NaN,0,0,0,0
1,391,carrot,NaN,2008_10_10,6,NaN,mov/ASL_2008_10_10/scene6-camera1.mov,1898,1922,NaN,NaN,NaN,NaN,0,0,0,0
1,392,carry,NaN,2008_10_10,6,NaN,mov/ASL_2008_10_10/scene6-camera1.mov,2006,2035,NaN,NaN,NaN,NaN,0,0,0,0
1,393,cashier,NaN,2008_10_10,6,NaN,mov/ASL_2008_10_10/scene6-camera1.mov,2125,2153,NaN,NaN,NaN,NaN,0,0,0,0
1,394,cat,NaN,2008_10_10,6,NaN,mov/ASL_2008_10_10/scene6-camera1.mov,2225,2248,NaN,NaN,NaN,NaN,0,0,0,0
1,395,catch_ball,NaN,2008_10_10,6,NaN,mov/ASL_2008_10_10/scene6-camera1.mov,2427,2442,NaN,NaN,NaN,NaN,0,0,0,0
1,396,catch1,NaN,2008_10_10,6,NaN,mov/ASL_2008_10_10/scene6-camera1.mov,2328,2343,NaN,NaN,NaN,NaN,0,0,0,0
1,397,caterpillar_side,NaN,2008_10_10,6,NaN,mov/ASL_2008_10_10/scene6-camera1.mov,2532,2570,NaN,NaN,NaN,NaN,0,0,0,0
1,398,catholic,NaN,2008_10_10,6,NaN,mov/ASL_2008_10_10/scene6-camera1.mov,2659,2688,NaN,NaN,NaN,NaN,0,0,0,0
1,399,cause-fr,NaN,2008_10_10,6,NaN,mov/ASL_2008_10_10/scene6-camera1.mov,2752,2767,NaN,NaN,NaN,NaN,0,0,0,0
1,400,ceiling,NaN,2008_10_10,6,NaN,mov/ASL_2008_10_10/scene6-camera1.mov,2890,2908,NaN,NaN,NaN,NaN,0,0,0,0
1,401,celebrate,NaN,2008_10_10,6,NaN,mov/ASL_2008_10_10/scene6-camera1.mov,3013,3049,NaN,NaN,NaN,NaN,0,0,0,0
1,402,center1,NaN,2008_10_10,6,NaN,mov/ASL_2008_10_10/scene6-camera1.mov,3117,3134,NaN,NaN,NaN,NaN,0,0,0,0
1,403,center2,NaN,2008_10_10,6,NaN,mov/ASL_2008_10_10/scene6-camera1.mov,3220,3236,NaN,NaN,NaN,NaN,0,0,0,0
1,404,central_america,NaN,2008_10_10,6,NaN,mov/ASL_2008_10_10/scene6-camera1.mov,0,0,NaN,NaN,NaN,NaN,0,0,0,0
1,405,cereal2,NaN,2008_10_10,6,NaN,mov/ASL_2008_10_10/scene6-camera1.mov,3444,3478,NaN,NaN,NaN,NaN,0,0,0,0
1,406,certificate,NaN,2008_10_10,6,NaN,mov/ASL_2008_10_10/scene6-camera1.mov,3541,3566,NaN,NaN,NaN,NaN,0,0,0,0
1,407,certify,NaN,2008_10_10,6,NaN,mov/ASL_2008_10_10/scene6-camera1.mov,3668,3688,NaN,NaN,NaN,NaN,0,0,0,0
1,408,chain,NaN,2008_10_10,6,NaN,mov/ASL_2008_10_10/scene6-camera1.mov,3787,3820,NaN,NaN,NaN,NaN,0,0,0,0
1,409,chair,NaN,2008_10_10,6,NaN,mov/ASL_2008_10_10/scene6-camera1.mov,3928,3958,NaN,NaN,NaN,NaN,0,0,0,0
1,410,chalk2,NaN,2008_10_10,6,NaN,mov/ASL_2008_10_10/scene6-camera1.mov,4043,4066,NaN,NaN,NaN,NaN,0,0,0,0
1,411,challenge,NaN,2008_10_10,6,NaN,mov/ASL_2008_10_10/scene6-camera1.mov,4145,4155,NaN,NaN,NaN,NaN,0,0,0,0
1,412,champagne,NaN,2008_10_10,6,NaN,mov/ASL_2008_10_10/scene6-camera1.mov,4245,4257,NaN,NaN,NaN,NaN,0,0,0,0
1,413,champion,NaN,2008_10_10,6,NaN,mov/ASL_2008_10_10/scene6-camera1.mov,4555,4575,NaN,NaN,NaN,NaN,0,0,0,0
1,414,chance,NaN,2008_10_10,6,NaN,mov/ASL_2008_10_10/scene6-camera1.mov,4663,4688,NaN,NaN,NaN,NaN,0,0,0,0
1,415,change2,NaN,2008_10_10,6,NaN,mov/ASL_2008_10_10/scene6-camera1.mov,4778,4801,NaN,NaN,NaN,NaN,0,0,0,0
1,416,change3_money,NaN,2008_10_10,6,NaN,mov/ASL_2008_10_10/scene6-camera1.mov,0,0,NaN,NaN,NaN,NaN,0,0,0,0
1,417,channel,NaN,2008_10_10,6,NaN,mov/ASL_2008_10_10/scene6-camera1.mov,4986,5008,NaN,NaN,NaN,NaN,0,0,0,0
1,418,chapter-sh,NaN,2008_10_10,6,NaN,mov/ASL_2008_10_10/scene6-camera1.mov,5100,5113,NaN,NaN,NaN,NaN,0,0,0,0
1,419,character1,NaN,2008_10_10,6,NaN,mov/ASL_2008_10_10/scene6-camera1.mov,5200,5225,NaN,NaN,NaN,NaN,0,0,0,0
1,420,character2,NaN,2008_10_10,6,NaN,mov/ASL_2008_10_10/scene6-camera1.mov,5306,5330,NaN,NaN,NaN,NaN,0,0,0,0
1,421,charge-fr,NaN,2008_10_10,6,NaN,mov/ASL_2008_10_10/scene6-camera1.mov,5435,5447,NaN,NaN,NaN,NaN,0,0,0,0
1,422,charlotte,NaN,2008_10_10,6,NaN,mov/ASL_2008_10_10/scene6-camera1.mov,5535,5555,NaN,NaN,NaN,NaN,0,0,0,0
1,423,chase,NaN,2008_10_10,6,NaN,mov/ASL_2008_10_10/scene6-camera1.mov,5638,5673,NaN,NaN,NaN,NaN,0,0,0,0
1,424,chat,NaN,2008_10_10,6,NaN,mov/ASL_2008_10_10/scene6-camera1.mov,5762,5793,NaN,NaN,NaN,NaN,0,0,0,0
1,425,cheap,NaN,2008_10_10,6,NaN,mov/ASL_2008_10_10/scene6-camera1.mov,5865,5881,NaN,NaN,NaN,NaN,0,0,0,0
1,426,cheat1,NaN,2008_10_10,6,NaN,mov/ASL_2008_10_10/scene6-camera1.mov,5973,6005,NaN,NaN,NaN,NaN,0,0,0,0
1,427,cheat2,NaN,2008_10_10,6,NaN,mov/ASL_2008_10_10/scene6-camera1.mov,6069,6091,NaN,NaN,NaN,NaN,0,0,0,0
1,428,cheat3,NaN,2008_10_10,6,NaN,mov/ASL_2008_10_10/scene6-camera1.mov,6180,6204,NaN,NaN,NaN,NaN,0,0,0,0
1,429,check1,NaN,2008_10_10,6,NaN,mov/ASL_2008_10_10/scene6-camera1.mov,6283,6304,NaN,NaN,NaN,NaN,0,0,0,0
1,430,check2,NaN,2008_10_10,6,NaN,mov/ASL_2008_10_10/scene6-camera1.mov,6410,6433,NaN,NaN,NaN,NaN,0,0,0,0
1,431,check3,NaN,2008_10_10,6,NaN,mov/ASL_2008_10_10/scene6-camera1.mov,6534,6574,NaN,NaN,NaN,NaN,0,0,0,0
1,432,checkers,NaN,2008_10_10,6,NaN,mov/ASL_2008_10_10/scene6-camera1.mov,6655,6678,NaN,NaN,NaN,NaN,0,0,0,0
1,433,checking_account,NaN,2008_10_10,6,NaN,mov/ASL_2008_10_10/scene6-camera1.mov,6753,6772,NaN,NaN,NaN,NaN,0,0,0,0
1,434,cheek-fr,NaN,2008_10_10,6,NaN,mov/ASL_2008_10_10/scene6-camera1.mov,6851,6886,NaN,NaN,NaN,NaN,0,0,0,0
1,435,cheese,NaN,2008_10_10,6,NaN,mov/ASL_2008_10_10/scene6-camera1.mov,6957,6994,NaN,NaN,NaN,NaN,0,0,0,0
1,436,chef,NaN,2008_10_10,6,NaN,mov/ASL_2008_10_10/scene6-camera1.mov,7213,7250,NaN,NaN,NaN,NaN,0,0,0,0
1,437,chemistry,NaN,2008_10_10,6,NaN,mov/ASL_2008_10_10/scene6-camera1.mov,7334,7370,NaN,NaN,NaN,NaN,0,0,0,0
1,438,cherry,NaN,2008_10_10,6,NaN,mov/ASL_2008_10_10/scene6-camera1.mov,7442,7471,NaN,NaN,NaN,NaN,0,0,0,0
1,439,chest,NaN,2008_10_10,6,NaN,mov/ASL_2008_10_10/scene6-camera1.mov,7545,7566,NaN,NaN,NaN,NaN,0,0,0,0
1,440,chew,NaN,2008_10_10,6,NaN,mov/ASL_2008_10_10/scene6-camera1.mov,7651,7688,NaN,NaN,NaN,NaN,0,0,0,0
1,441,chewing_gum,NaN,2008_10_10,6,NaN,mov/ASL_2008_10_10/scene6-camera1.mov,7768,7807,NaN,NaN,NaN,NaN,0,0,0,0
1,442,chicago,NaN,2008_10_10,6,NaN,mov/ASL_2008_10_10/scene6-camera1.mov,7885,7902,NaN,NaN,NaN,NaN,0,0,0,0
1,443,child,NaN,2008_10_10,6,NaN,mov/ASL_2008_10_10/scene6-camera1.mov,7993,8011,NaN,NaN,NaN,NaN,0,0,0,0
1,444,children,NaN,2008_10_10,6,NaN,mov/ASL_2008_10_10/scene6-camera1.mov,8100,8119,NaN,NaN,NaN,NaN,0,0,0,0
1,445,chile-fr,NaN,2008_10_10,6,NaN,mov/ASL_2008_10_10/scene6-camera1.mov,0,0,NaN,NaN,NaN,NaN,0,0,0,0
1,446,chin,NaN,2008_10_10,6,NaN,mov/ASL_2008_10_10/scene6-camera1.mov,8298,8320,NaN,NaN,NaN,NaN,0,0,0,0
1,447,china1,NaN,2008_10_10,6,NaN,mov/ASL_2008_10_10/scene6-camera1.mov,8402,8432,NaN,NaN,NaN,NaN,0,0,0,0
1,448,china2,NaN,2008_10_10,6,NaN,mov/ASL_2008_10_10/scene6-camera1.mov,8517,8543,NaN,NaN,NaN,NaN,0,0,0,0
1,449,chocolate,NaN,2008_10_10,6,NaN,mov/ASL_2008_10_10/scene6-camera1.mov,8624,8662,NaN,NaN,NaN,NaN,0,0,0,0
1,450,choice,NaN,2008_10_10,6,NaN,mov/ASL_2008_10_10/scene6-camera1.mov,8791,8812,NaN,NaN,NaN,NaN,0,0,0,0
1,451,choices,NaN,2008_10_10,6,NaN,mov/ASL_2008_10_10/scene6-camera1.mov,8920,8956,NaN,NaN,NaN,NaN,0,0,0,0
1,452,choke1_myself,NaN,2008_10_10,6,NaN,mov/ASL_2008_10_10/scene6-camera1.mov,9051,9072,NaN,NaN,NaN,NaN,0,0,0,0
1,453,choke2_someone_else-fr,NaN,2008_10_10,6,NaN,mov/ASL_2008_10_10/scene6-camera1.mov,9152,9172,NaN,NaN,NaN,NaN,0,0,0,0
1,454,choose,NaN,2008_10_10,6,NaN,mov/ASL_2008_10_10/scene6-camera1.mov,9260,9274,NaN,NaN,NaN,NaN,0,0,0,0
1,455,christian,NaN,2008_10_10,6,NaN,mov/ASL_2008_10_10/scene6-camera1.mov,9375,9411,NaN,NaN,NaN,NaN,0,0,0,0
1,456,christmas,NaN,2008_10_10,6,NaN,mov/ASL_2008_10_10/scene6-camera1.mov,9501,9522,NaN,NaN,NaN,NaN,0,0,0,0
1,457,chuckle,NaN,2008_10_10,6,NaN,mov/ASL_2008_10_10/scene6-camera1.mov,9596,9618,NaN,NaN,NaN,NaN,0,0,0,0
1,458,church,NaN,2008_10_10,6,NaN,mov/ASL_2008_10_10/scene6-camera1.mov,9714,9741,NaN,NaN,NaN,NaN,0,0,0,0
1,459,cigarette,NaN,2008_10_10,6,NaN,mov/ASL_2008_10_10/scene6-camera1.mov,9834,9860,NaN,NaN,NaN,NaN,0,0,0,0
1,460,cigar-fr,NaN,2008_10_10,6,NaN,mov/ASL_2008_10_10/scene6-camera1.mov,9954,9974,NaN,NaN,NaN,NaN,0,0,0,0
1,461,circle,NaN,2008_10_10,6,NaN,mov/ASL_2008_10_10/scene6-camera1.mov,10057,10090,NaN,NaN,NaN,NaN,0,0,0,0
1,462,circumcise,NaN,2008_10_10,6,NaN,mov/ASL_2008_10_10/scene6-camera1.mov,10174,10196,NaN,NaN,NaN,NaN,0,0,0,0
1,463,circus,NaN,2008_10_10,6,NaN,mov/ASL_2008_10_10/scene6-camera1.mov,10277,10300,NaN,NaN,NaN,NaN,0,0,0,0
1,464,clap,NaN,2008_10_10,6,NaN,mov/ASL_2008_10_10/scene6-camera1.mov,10521,10551,NaN,NaN,NaN,NaN,0,0,0,0
1,465,classroom,NaN,2008_10_10,6,NaN,mov/ASL_2008_10_10/scene6-camera1.mov,10766,10794,NaN,NaN,NaN,NaN,0,0,0,0
1,466,clean,NaN,2008_10_10,6,NaN,mov/ASL_2008_10_10/scene6-camera1.mov,11130,11147,NaN,NaN,NaN,NaN,0,0,0,0
1,467,clean_up,NaN,2008_10_10,6,NaN,mov/ASL_2008_10_10/scene6-camera1.mov,11231,11255,NaN,NaN,NaN,NaN,0,0,0,0
1,468,clever,NaN,2008_10_10,6,NaN,mov/ASL_2008_10_10/scene6-camera1.mov,11455,11469,NaN,NaN,NaN,NaN,0,0,0,0
1,469,clip_bushes,NaN,2008_10_10,6,NaN,mov/ASL_2008_10_10/scene6-camera1.mov,11576,11616,NaN,NaN,NaN,NaN,0,0,0,0
1,470,clipping_nails1,NaN,2008_10_10,6,NaN,mov/ASL_2008_10_10/scene6-camera1.mov,11707,11732,NaN,NaN,NaN,NaN,0,0,0,0
1,471,clipping_nails2,NaN,2008_10_10,6,NaN,mov/ASL_2008_10_10/scene6-camera1.mov,11825,11856,NaN,NaN,NaN,NaN,0,0,0,0
1,472,clock,NaN,2008_10_10,6,NaN,mov/ASL_2008_10_10/scene6-camera1.mov,11953,11993,NaN,NaN,NaN,NaN,0,0,0,0
1,473,close_door,NaN,2008_10_10,6,NaN,mov/ASL_2008_10_10/scene6-camera1.mov,12418,12442,NaN,NaN,NaN,NaN,0,0,0,0
1,474,close_window,NaN,2008_10_10,6,NaN,mov/ASL_2008_10_10/scene6-camera1.mov,12543,12564,NaN,NaN,NaN,NaN,0,0,0,0
1,475,close1-fr,NaN,2008_10_10,6,NaN,mov/ASL_2008_10_10/scene6-camera1.mov,12087,12108,NaN,NaN,NaN,NaN,0,0,0,0
1,476,close2-fr,NaN,2008_10_10,6,NaN,mov/ASL_2008_10_10/scene6-camera1.mov,12200,12225,NaN,NaN,NaN,NaN,0,0,0,0
1,477,close3,NaN,2008_10_10,6,NaN,mov/ASL_2008_10_10/scene6-camera1.mov,12316,12326,NaN,NaN,NaN,NaN,0,0,0,0
1,478,clothes-fr,NaN,2008_10_10,6,NaN,mov/ASL_2008_10_10/scene6-camera1.mov,12661,12681,NaN,NaN,NaN,NaN,0,0,0,0
1,479,coach,NaN,2008_10_10,6,NaN,mov/ASL_2008_10_10/scene6-camera1.mov,12889,12915,NaN,NaN,NaN,NaN,0,0,0,0
1,480,coat,NaN,2008_10_10,6,NaN,mov/ASL_2008_10_10/scene6-camera1.mov,12989,13020,NaN,NaN,NaN,NaN,0,0,0,0
1,481,cocktail,NaN,2008_10_10,6,NaN,mov/ASL_2008_10_10/scene6-camera1.mov,13096,13130,NaN,NaN,NaN,NaN,0,0,0,0
1,482,coconut-fr,NaN,2008_10_10,6,NaN,mov/ASL_2008_10_10/scene6-camera1.mov,13209,13237,NaN,NaN,NaN,NaN,0,0,0,0
1,483,coffee,NaN,2008_10_10,6,NaN,mov/ASL_2008_10_10/scene6-camera1.mov,13305,13343,NaN,NaN,NaN,NaN,0,0,0,0
1,484,coins2,NaN,2008_10_10,6,NaN,mov/ASL_2008_10_10/scene6-camera1.mov,13444,13475,NaN,NaN,NaN,NaN,0,0,0,0
1,485,coke,NaN,2008_10_10,6,NaN,mov/ASL_2008_10_10/scene6-camera1.mov,13550,13578,NaN,NaN,NaN,NaN,0,0,0,0
1,486,cold1,NaN,2008_10_10,6,NaN,mov/ASL_2008_10_10/scene6-camera1.mov,13658,13686,NaN,NaN,NaN,NaN,0,0,0,0
1,487,cold2,NaN,2008_10_10,6,NaN,mov/ASL_2008_10_10/scene6-camera1.mov,13760,13788,NaN,NaN,NaN,NaN,0,0,0,0
1,488,collapse_general_sign,NaN,2008_10_10,6,NaN,mov/ASL_2008_10_10/scene6-camera1.mov,13999,14036,NaN,NaN,NaN,NaN,0,0,0,0
1,489,collar2-fr,NaN,2008_10_10,6,NaN,mov/ASL_2008_10_10/scene6-camera1.mov,14148,14171,NaN,NaN,NaN,NaN,0,0,0,0
1,490,collect,NaN,2008_10_10,6,NaN,mov/ASL_2008_10_10/scene6-camera1.mov,14248,14282,NaN,NaN,NaN,NaN,0,0,0,0
1,491,collection,NaN,2008_10_10,6,NaN,mov/ASL_2008_10_10/scene6-camera1.mov,14374,14404,NaN,NaN,NaN,NaN,0,0,0,0
1,492,color,NaN,2008_10_10,6,NaN,mov/ASL_2008_10_10/scene6-camera1.mov,14592,14621,NaN,NaN,NaN,NaN,0,0,0,0
1,493,colorado1,NaN,2008_10_10,6,NaN,mov/ASL_2008_10_10/scene6-camera1.mov,14694,14717,NaN,NaN,NaN,NaN,0,0,0,0
1,494,colorado2,NaN,2008_10_10,6,NaN,mov/ASL_2008_10_10/scene6-camera1.mov,14816,14845,NaN,NaN,NaN,NaN,0,0,0,0
1,495,columbia-fr,NaN,2008_10_10,6,NaN,mov/ASL_2008_10_10/scene6-camera1.mov,14922,14948,NaN,NaN,NaN,NaN,0,0,0,0
1,496,comb_hair,NaN,2008_10_10,6,NaN,mov/ASL_2008_10_10/scene6-camera1.mov,15027,15058,NaN,NaN,NaN,NaN,0,0,0,0
1,497,comb-n,NaN,2008_10_10,6,NaN,mov/ASL_2008_10_10/scene6-camera1.mov,15234,15271,NaN,NaN,NaN,NaN,0,0,0,0
1,498,come_on,NaN,2008_10_10,6,NaN,mov/ASL_2008_10_10/scene6-camera1.mov,15694,15705,NaN,NaN,NaN,NaN,0,0,0,0
1,499,come1-fr,NaN,2008_10_10,6,NaN,mov/ASL_2008_10_10/scene6-camera1.mov,15366,15382,NaN,NaN,NaN,NaN,0,0,0,0
1,500,come2-fr,NaN,2008_10_10,6,NaN,mov/ASL_2008_10_10/scene6-camera1.mov,15495,15514,NaN,NaN,NaN,NaN,0,0,0,0
1,501,come3-fr,NaN,2008_10_10,6,NaN,mov/ASL_2008_10_10/scene6-camera1.mov,15597,15620,NaN,NaN,NaN,NaN,0,0,0,0
1,502,comfortable,NaN,2008_10_10,6,NaN,mov/ASL_2008_10_10/scene6-camera1.mov,15838,15902,NaN,NaN,NaN,NaN,0,0,0,0
1,503,committee,NaN,2008_10_10,6,NaN,mov/ASL_2008_10_10/scene6-camera1.mov,15972,15995,NaN,NaN,NaN,NaN,0,0,0,0
1,504,communicate-fr,NaN,2008_10_10,6,NaN,mov/ASL_2008_10_10/scene6-camera1.mov,16198,16224,NaN,NaN,NaN,NaN,0,0,0,0
1,505,communist,NaN,2008_10_10,6,NaN,mov/ASL_2008_10_10/scene6-camera1.mov,0,0,NaN,NaN,NaN,NaN,0,0,0,0
1,506,community,NaN,2008_10_10,6,NaN,mov/ASL_2008_10_10/scene6-camera1.mov,16430,16449,NaN,NaN,NaN,NaN,0,0,0,0
1,507,commute-fr,NaN,2008_10_10,6,NaN,mov/ASL_2008_10_10/scene6-camera1.mov,16527,16557,NaN,NaN,NaN,NaN,0,0,0,0
1,508,company2,NaN,2008_10_10,6,NaN,mov/ASL_2008_10_10/scene6-camera1.mov,16632,16654,NaN,NaN,NaN,NaN,0,0,0,0
1,509,compare,NaN,2008_10_10,6,NaN,mov/ASL_2008_10_10/scene6-camera1.mov,16744,16779,NaN,NaN,NaN,NaN,0,0,0,0
1,510,compete-fr,NaN,2008_10_10,6,NaN,mov/ASL_2008_10_10/scene6-camera1.mov,16855,16887,NaN,NaN,NaN,NaN,0,0,0,0
1,511,complain,NaN,2008_10_10,6,NaN,mov/ASL_2008_10_10/scene6-camera1.mov,16936,16964,NaN,NaN,NaN,NaN,0,0,0,0
1,512,complete_full,NaN,2008_10_10,6,NaN,mov/ASL_2008_10_10/scene6-camera1.mov,17035,17056,NaN,NaN,NaN,NaN,0,0,0,0
1,513,computer1-fr,NaN,2008_10_10,6,NaN,mov/ASL_2008_10_10/scene6-camera1.mov,17141,17161,NaN,NaN,NaN,NaN,0,0,0,0
1,514,computer1-sh,NaN,2008_10_10,6,NaN,mov/ASL_2008_10_10/scene6-camera1.mov,17245,17276,NaN,NaN,NaN,NaN,0,0,0,0
1,515,concept1,NaN,2008_10_10,6,NaN,mov/ASL_2008_10_10/scene6-camera1.mov,17358,17384,NaN,NaN,NaN,NaN,0,0,0,0
1,516,conclusion,NaN,2008_10_10,6,NaN,mov/ASL_2008_10_10/scene6-camera1.mov,17478,17503,NaN,NaN,NaN,NaN,0,0,0,0
1,517,conduct_music,NaN,2008_10_10,6,NaN,mov/ASL_2008_10_10/scene6-camera1.mov,17594,17645,NaN,NaN,NaN,NaN,0,0,0,0
1,518,conductor2,NaN,2008_10_10,6,NaN,mov/ASL_2008_10_10/scene6-camera1.mov,17729,17750,NaN,NaN,NaN,NaN,0,0,0,0
1,519,confident-fr,NaN,2008_10_10,6,NaN,mov/ASL_2008_10_10/scene6-camera1.mov,17831,17849,NaN,NaN,NaN,NaN,0,0,0,0
1,520,conflict,NaN,2008_10_10,6,NaN,mov/ASL_2008_10_10/scene6-camera1.mov,18072,18093,NaN,NaN,NaN,NaN,0,0,0,0
1,521,confront,NaN,2008_10_10,6,NaN,mov/ASL_2008_10_10/scene6-camera1.mov,18220,18244,NaN,NaN,NaN,NaN,0,0,0,0
1,522,confuse1,NaN,2008_10_10,6,NaN,mov/ASL_2008_10_10/scene6-camera1.mov,18342,18388,NaN,NaN,NaN,NaN,0,0,0,0
1,523,confused,NaN,2008_10_10,6,NaN,mov/ASL_2008_10_10/scene6-camera1.mov,18481,18510,NaN,NaN,NaN,NaN,0,0,0,0
1,524,congratulations,NaN,2008_10_10,7,NaN,mov/ASL_2008_10_10/scene7-camera1.mov,289,325,NaN,NaN,NaN,NaN,0,0,0,0
1,525,connect,NaN,2008_10_10,7,NaN,mov/ASL_2008_10_10/scene7-camera1.mov,437,450,NaN,NaN,NaN,NaN,0,0,0,0
1,526,conquer-fr,NaN,2008_10_10,7,NaN,mov/ASL_2008_10_10/scene7-camera1.mov,569,587,NaN,NaN,NaN,NaN,0,0,0,0
1,527,consider,NaN,2008_10_10,7,NaN,mov/ASL_2008_10_10/scene7-camera1.mov,682,712,NaN,NaN,NaN,NaN,0,0,0,0
1,528,consistent,NaN,2008_10_10,7,NaN,mov/ASL_2008_10_10/scene7-camera1.mov,820,872,NaN,NaN,NaN,NaN,0,0,0,0
1,529,constant1,NaN,2008_10_10,7,NaN,mov/ASL_2008_10_10/scene7-camera1.mov,948,994,NaN,NaN,NaN,NaN,0,0,0,0
1,530,constant2,NaN,2008_10_10,7,NaN,mov/ASL_2008_10_10/scene7-camera1.mov,1093,1143,NaN,NaN,NaN,NaN,0,0,0,0
1,531,constitution,NaN,2008_10_10,7,NaN,mov/ASL_2008_10_10/scene7-camera1.mov,1218,1242,NaN,NaN,NaN,NaN,0,0,0,0
1,532,consume-fr,NaN,2008_10_10,7,NaN,mov/ASL_2008_10_10/scene7-camera1.mov,1328,1360,NaN,NaN,NaN,NaN,0,0,0,0
1,533,consumer1,NaN,2008_10_10,7,NaN,mov/ASL_2008_10_10/scene7-camera1.mov,1459,1497,NaN,NaN,NaN,NaN,0,0,0,0
1,534,consumer2,NaN,2008_10_10,7,NaN,mov/ASL_2008_10_10/scene7-camera1.mov,1593,1631,NaN,NaN,NaN,NaN,0,0,0,0
1,535,contact,NaN,2008_10_10,7,NaN,mov/ASL_2008_10_10/scene7-camera1.mov,1713,1736,NaN,NaN,NaN,NaN,0,0,0,0
1,536,contact_lenses,NaN,2008_10_10,7,NaN,mov/ASL_2008_10_10/scene7-camera1.mov,1846,1870,NaN,NaN,NaN,NaN,0,0,0,0
1,537,continue-fr,NaN,2008_10_10,7,NaN,mov/ASL_2008_10_10/scene7-camera1.mov,1960,1989,NaN,NaN,NaN,NaN,0,0,0,0
1,538,convince,NaN,2008_10_10,7,NaN,mov/ASL_2008_10_10/scene7-camera1.mov,2066,2084,NaN,NaN,NaN,NaN,0,0,0,0
1,539,cook,NaN,2008_10_10,7,NaN,mov/ASL_2008_10_10/scene7-camera1.mov,2165,2198,NaN,NaN,NaN,NaN,0,0,0,0
1,540,cookie,NaN,2008_10_10,7,NaN,mov/ASL_2008_10_10/scene7-camera1.mov,2282,2314,NaN,NaN,NaN,NaN,0,0,0,0
1,541,cooperate,NaN,2008_10_10,7,NaN,mov/ASL_2008_10_10/scene7-camera1.mov,2391,2430,NaN,NaN,NaN,NaN,0,0,0,0
1,542,copy,NaN,2008_10_10,7,NaN,mov/ASL_2008_10_10/scene7-camera1.mov,2508,2522,NaN,NaN,NaN,NaN,0,0,0,0
1,543,copy1,NaN,2008_10_10,7,NaN,mov/ASL_2008_10_10/scene7-camera1.mov,2610,2626,NaN,NaN,NaN,NaN,0,0,0,0
1,544,copy2,NaN,2008_10_10,7,NaN,mov/ASL_2008_10_10/scene7-camera1.mov,2727,2747,NaN,NaN,NaN,NaN,0,0,0,0
1,545,corn1,NaN,2008_10_10,7,NaN,mov/ASL_2008_10_10/scene7-camera1.mov,2829,2858,NaN,NaN,NaN,NaN,0,0,0,0
1,546,corn2,NaN,2008_10_10,7,NaN,mov/ASL_2008_10_10/scene7-camera1.mov,2940,2966,NaN,NaN,NaN,NaN,0,0,0,0
1,547,corner1,NaN,2008_10_10,7,NaN,mov/ASL_2008_10_10/scene7-camera1.mov,3043,3064,NaN,NaN,NaN,NaN,0,0,0,0
1,548,corner2,NaN,2008_10_10,7,NaN,mov/ASL_2008_10_10/scene7-camera1.mov,3142,3173,NaN,NaN,NaN,NaN,0,0,0,0
1,549,correct_fix_mistake-fr,NaN,2008_10_10,7,NaN,mov/ASL_2008_10_10/scene7-camera1.mov,3248,3271,NaN,NaN,NaN,NaN,0,0,0,0
1,550,correspondence,NaN,2008_10_10,7,NaN,mov/ASL_2008_10_10/scene7-camera1.mov,3355,3383,NaN,NaN,NaN,NaN,0,0,0,0
1,551,costa_rica,NaN,2008_10_10,7,NaN,mov/ASL_2008_10_10/scene7-camera1.mov,3461,3485,NaN,NaN,NaN,NaN,0,0,0,0
1,552,couch,NaN,2008_10_10,7,NaN,mov/ASL_2008_10_10/scene7-camera1.mov,3572,3610,NaN,NaN,NaN,NaN,0,0,0,0
1,553,cough1,NaN,2008_10_10,7,NaN,mov/ASL_2008_10_10/scene7-camera1.mov,3682,3716,NaN,NaN,NaN,NaN,0,0,0,0
1,554,cough2-sh,NaN,2008_10_10,7,NaN,mov/ASL_2008_10_10/scene7-camera1.mov,3784,3815,NaN,NaN,NaN,NaN,0,0,0,0
1,555,count-fr,NaN,2008_10_10,7,NaN,mov/ASL_2008_10_10/scene7-camera1.mov,3898,3927,NaN,NaN,NaN,NaN,0,0,0,0
1,556,country1,NaN,2008_10_10,7,NaN,mov/ASL_2008_10_10/scene7-camera1.mov,4000,4038,NaN,NaN,NaN,NaN,0,0,0,0
1,557,country2,NaN,2008_10_10,7,NaN,mov/ASL_2008_10_10/scene7-camera1.mov,4122,4163,NaN,NaN,NaN,NaN,0,0,0,0
1,558,couple-fr,NaN,2008_10_10,7,NaN,mov/ASL_2008_10_10/scene7-camera1.mov,4224,4251,NaN,NaN,NaN,NaN,0,0,0,0
1,559,course-fr,NaN,2008_10_10,7,NaN,mov/ASL_2008_10_10/scene7-camera1.mov,4373,4392,NaN,NaN,NaN,NaN,0,0,0,0
1,560,court,NaN,2008_10_10,7,NaN,mov/ASL_2008_10_10/scene7-camera1.mov,4474,4504,NaN,NaN,NaN,NaN,0,0,0,0
1,561,courthouse,NaN,2008_10_10,7,NaN,mov/ASL_2008_10_10/scene7-camera1.mov,4601,4649,NaN,NaN,NaN,NaN,0,0,0,0
1,562,cousin1,NaN,2008_10_10,7,NaN,mov/ASL_2008_10_10/scene7-camera1.mov,4741,4762,NaN,NaN,NaN,NaN,0,0,0,0
1,563,cousin2,NaN,2008_10_10,7,NaN,mov/ASL_2008_10_10/scene7-camera1.mov,4840,4863,NaN,NaN,NaN,NaN,0,0,0,0
1,564,cousin3_neutral_sign,NaN,2008_10_10,7,NaN,mov/ASL_2008_10_10/scene7-camera1.mov,4934,4962,NaN,NaN,NaN,NaN,0,0,0,0
1,565,cover,NaN,2008_10_10,7,NaN,mov/ASL_2008_10_10/scene7-camera1.mov,5042,5068,NaN,NaN,NaN,NaN,0,0,0,0
1,566,cover_up,NaN,2008_10_10,7,NaN,mov/ASL_2008_10_10/scene7-camera1.mov,5157,5180,NaN,NaN,NaN,NaN,0,0,0,0
1,567,cow1,NaN,2008_10_10,7,NaN,mov/ASL_2008_10_10/scene7-camera1.mov,5278,5313,NaN,NaN,NaN,NaN,0,0,0,0
1,568,cracker,NaN,2008_10_10,8,NaN,mov/ASL_2008_10_10/scene8-camera1.mov,188,214,NaN,NaN,NaN,NaN,0,0,0,0
1,569,crack-fr,NaN,2008_10_10,8,NaN,mov/ASL_2008_10_10/scene8-camera1.mov,309,330,NaN,NaN,NaN,NaN,0,0,0,0
1,570,crash,NaN,2008_10_10,8,NaN,mov/ASL_2008_10_10/scene8-camera1.mov,412,425,NaN,NaN,NaN,NaN,0,0,0,0
1,571,crawl1,NaN,2008_10_10,8,NaN,mov/ASL_2008_10_10/scene8-camera1.mov,575,620,NaN,NaN,NaN,NaN,0,0,0,0
1,572,crawl2-fr,NaN,2008_10_10,8,NaN,mov/ASL_2008_10_10/scene8-camera1.mov,730,766,NaN,NaN,NaN,NaN,0,0,0,0
1,573,crazy_for,NaN,2008_10_10,8,NaN,mov/ASL_2008_10_10/scene8-camera1.mov,853,882,NaN,NaN,NaN,NaN,0,0,0,0
1,574,crazy_for2,NaN,2008_10_10,8,NaN,mov/ASL_2008_10_10/scene8-camera1.mov,945,978,NaN,NaN,NaN,NaN,0,0,0,0
1,575,crazy1,NaN,2008_10_10,8,NaN,mov/ASL_2008_10_10/scene8-camera1.mov,1073,1093,NaN,NaN,NaN,NaN,0,0,0,0
1,576,crazy2,NaN,2008_10_10,8,NaN,mov/ASL_2008_10_10/scene8-camera1.mov,1322,1336,NaN,NaN,NaN,NaN,0,0,0,0
1,577,cream,NaN,2008_10_10,8,NaN,mov/ASL_2008_10_10/scene8-camera1.mov,1427,1463,NaN,NaN,NaN,NaN,0,0,0,0
1,578,credit_card-fr,NaN,2008_10_10,8,NaN,mov/ASL_2008_10_10/scene8-camera1.mov,1544,1575,NaN,NaN,NaN,NaN,0,0,0,0
1,579,creek-fr,NaN,2008_10_10,8,NaN,mov/ASL_2008_10_10/scene8-camera1.mov,1657,1687,NaN,NaN,NaN,NaN,0,0,0,0
1,580,crippled,NaN,2008_10_10,8,NaN,mov/ASL_2008_10_10/scene8-camera1.mov,1757,1785,NaN,NaN,NaN,NaN,0,0,0,0
1,581,criticize-fr,NaN,2008_10_10,8,NaN,mov/ASL_2008_10_10/scene8-camera1.mov,1891,1916,NaN,NaN,NaN,NaN,0,0,0,0
1,582,cross,NaN,2008_10_10,8,NaN,mov/ASL_2008_10_10/scene8-camera1.mov,2014,2047,NaN,NaN,NaN,NaN,0,0,0,0
1,583,crowded,NaN,2008_10_10,8,NaN,mov/ASL_2008_10_10/scene8-camera1.mov,2122,2142,NaN,NaN,NaN,NaN,0,0,0,0
1,584,crown1,NaN,2008_10_10,8,NaN,mov/ASL_2008_10_10/scene8-camera1.mov,2223,2239,NaN,NaN,NaN,NaN,0,0,0,0
1,585,crown2,NaN,2008_10_10,8,NaN,mov/ASL_2008_10_10/scene8-camera1.mov,2322,2346,NaN,NaN,NaN,NaN,0,0,0,0
1,586,crush,NaN,2008_10_10,8,NaN,mov/ASL_2008_10_10/scene8-camera1.mov,2424,2440,NaN,NaN,NaN,NaN,0,0,0,0
1,587,crutches,NaN,2008_10_10,8,NaN,mov/ASL_2008_10_10/scene8-camera1.mov,2528,2566,NaN,NaN,NaN,NaN,0,0,0,0
1,588,cry1,NaN,2008_10_10,8,NaN,mov/ASL_2008_10_10/scene8-camera1.mov,2642,2673,NaN,NaN,NaN,NaN,0,0,0,0
1,589,cry2,NaN,2008_10_10,8,NaN,mov/ASL_2008_10_10/scene8-camera1.mov,2744,2764,NaN,NaN,NaN,NaN,0,0,0,0
1,590,cuba,NaN,2008_10_10,8,NaN,mov/ASL_2008_10_10/scene8-camera1.mov,2852,2868,NaN,NaN,NaN,NaN,0,0,0,0
1,591,culture,NaN,2008_10_10,8,NaN,mov/ASL_2008_10_10/scene8-camera1.mov,2948,2973,NaN,NaN,NaN,NaN,0,0,0,0
1,592,cupboards,NaN,2008_10_10,8,NaN,mov/ASL_2008_10_10/scene8-camera1.mov,3048,3081,NaN,NaN,NaN,NaN,0,0,0,0
1,593,cure1,NaN,2008_10_10,8,NaN,mov/ASL_2008_10_10/scene8-camera1.mov,3160,3179,NaN,NaN,NaN,NaN,0,0,0,0
1,594,curious-fr,NaN,2008_10_10,8,NaN,mov/ASL_2008_10_10/scene8-camera1.mov,3245,3274,NaN,NaN,NaN,NaN,0,0,0,0
1,595,curly,NaN,2008_10_10,8,NaN,mov/ASL_2008_10_10/scene8-camera1.mov,3335,3368,NaN,NaN,NaN,NaN,0,0,0,0
1,596,curriculum,NaN,2008_10_10,8,NaN,mov/ASL_2008_10_10/scene8-camera1.mov,0,0,NaN,NaN,NaN,NaN,0,0,0,0
1,597,curse-fr,NaN,2008_10_10,8,NaN,mov/ASL_2008_10_10/scene8-camera1.mov,3593,3615,NaN,NaN,NaN,NaN,0,0,0,0
1,598,curtains,NaN,2008_10_10,8,NaN,mov/ASL_2008_10_10/scene8-camera1.mov,3709,3732,NaN,NaN,NaN,NaN,0,0,0,0
1,599,curve,NaN,2008_10_10,8,NaN,mov/ASL_2008_10_10/scene8-camera1.mov,3825,3848,NaN,NaN,NaN,NaN,0,0,0,0
1,600,cushion,NaN,2008_10_10,8,NaN,mov/ASL_2008_10_10/scene8-camera1.mov,3971,3998,NaN,NaN,NaN,NaN,0,0,0,0
1,601,custodian,NaN,2008_10_10,8,NaN,mov/ASL_2008_10_10/scene8-camera1.mov,4074,4106,NaN,NaN,NaN,NaN,0,0,0,0
1,602,cut1,NaN,2008_10_10,8,NaN,mov/ASL_2008_10_10/scene8-camera1.mov,4187,4205,NaN,NaN,NaN,NaN,0,0,0,0
1,603,cute,NaN,2008_10_10,8,NaN,mov/ASL_2008_10_10/scene8-camera1.mov,4287,4307,NaN,NaN,NaN,NaN,0,0,0,0
1,604,cycle,NaN,2008_10_10,8,NaN,mov/ASL_2008_10_10/scene8-camera1.mov,4410,4437,NaN,NaN,NaN,NaN,0,0,0,0
1,605,D,NaN,2008_10_10,9,NaN,mov/ASL_2008_10_10/scene9-camera1.mov,27,48,NaN,NaN,NaN,NaN,0,0,0,0
1,606,dallas,NaN,2008_10_10,9,NaN,mov/ASL_2008_10_10/scene9-camera1.mov,176,195,NaN,NaN,NaN,NaN,0,0,0,0
1,607,dance,NaN,2008_10_10,9,NaN,mov/ASL_2008_10_10/scene9-camera1.mov,273,298,NaN,NaN,NaN,NaN,0,0,0,0
1,608,dangerous,NaN,2008_10_10,9,NaN,mov/ASL_2008_10_10/scene9-camera1.mov,366,387,NaN,NaN,NaN,NaN,0,0,0,0
1,609,dare1,NaN,2008_10_10,9,NaN,mov/ASL_2008_10_10/scene9-camera1.mov,476,492,NaN,NaN,NaN,NaN,0,0,0,0
1,610,dare2,NaN,2008_10_10,9,NaN,mov/ASL_2008_10_10/scene9-camera1.mov,566,582,NaN,NaN,NaN,NaN,0,0,0,0
1,611,dark,NaN,2008_10_10,9,NaN,mov/ASL_2008_10_10/scene9-camera1.mov,667,700,NaN,NaN,NaN,NaN,0,0,0,0
1,612,dart,NaN,2008_10_10,9,NaN,mov/ASL_2008_10_10/scene9-camera1.mov,779,793,NaN,NaN,NaN,NaN,0,0,0,0
1,613,dash_3_dashes_on_paper,NaN,2008_10_10,9,NaN,mov/ASL_2008_10_10/scene9-camera1.mov,885,931,NaN,NaN,NaN,NaN,0,0,0,0
1,614,date,NaN,2008_10_10,9,NaN,mov/ASL_2008_10_10/scene9-camera1.mov,1002,1026,NaN,NaN,NaN,NaN,0,0,0,0
1,615,daughter1,NaN,2008_10_10,9,NaN,mov/ASL_2008_10_10/scene9-camera1.mov,1098,1117,NaN,NaN,NaN,NaN,0,0,0,0
1,616,daughter2,NaN,2008_10_10,9,NaN,mov/ASL_2008_10_10/scene9-camera1.mov,1203,1225,NaN,NaN,NaN,NaN,0,0,0,0
1,617,day,NaN,2008_10_10,9,NaN,mov/ASL_2008_10_10/scene9-camera1.mov,1302,1322,NaN,NaN,NaN,NaN,0,0,0,0
1,618,deaf1,NaN,2008_10_10,9,NaN,mov/ASL_2008_10_10/scene9-camera1.mov,1403,1421,NaN,NaN,NaN,NaN,0,0,0,0
1,619,deaf2,NaN,2008_10_10,9,NaN,mov/ASL_2008_10_10/scene9-camera1.mov,1643,1668,NaN,NaN,NaN,NaN,0,0,0,0
1,620,debate1,NaN,2008_10_10,9,NaN,mov/ASL_2008_10_10/scene9-camera1.mov,1753,1775,NaN,NaN,NaN,NaN,0,0,0,0
1,621,deceit-fr,NaN,2008_10_10,9,NaN,mov/ASL_2008_10_10/scene9-camera1.mov,1852,1867,NaN,NaN,NaN,NaN,0,0,0,0
1,622,decide,NaN,2008_10_10,9,NaN,mov/ASL_2008_10_10/scene9-camera1.mov,1944,1968,NaN,NaN,NaN,NaN,0,0,0,0
1,623,decide1,NaN,2008_10_10,9,NaN,mov/ASL_2008_10_10/scene9-camera1.mov,2039,2051,NaN,NaN,NaN,NaN,0,0,0,0
1,624,decide2,NaN,2008_10_10,9,NaN,mov/ASL_2008_10_10/scene9-camera1.mov,0,0,NaN,NaN,NaN,NaN,0,0,0,0
1,625,decorate,NaN,2008_10_10,9,NaN,mov/ASL_2008_10_10/scene9-camera1.mov,2251,2297,NaN,NaN,NaN,NaN,0,0,0,0
1,626,deep,NaN,2008_10_10,9,NaN,mov/ASL_2008_10_10/scene9-camera1.mov,2379,2401,NaN,NaN,NaN,NaN,0,0,0,0
1,627,deer1,NaN,2008_10_10,9,NaN,mov/ASL_2008_10_10/scene9-camera1.mov,2480,2511,NaN,NaN,NaN,NaN,0,0,0,0
1,628,defend,NaN,2008_10_10,9,NaN,mov/ASL_2008_10_10/scene9-camera1.mov,2580,2596,NaN,NaN,NaN,NaN,0,0,0,0
1,629,deflate,NaN,2008_10_10,9,NaN,mov/ASL_2008_10_10/scene9-camera1.mov,2672,2692,NaN,NaN,NaN,NaN,0,0,0,0
1,630,deflated_ego,NaN,2008_10_10,9,NaN,mov/ASL_2008_10_10/scene9-camera1.mov,2775,2797,NaN,NaN,NaN,NaN,0,0,0,0
1,631,delicious-fr,NaN,2008_10_10,9,NaN,mov/ASL_2008_10_10/scene9-camera1.mov,2877,2892,NaN,NaN,NaN,NaN,0,0,0,0
1,632,demand-fr,NaN,2008_10_10,9,NaN,mov/ASL_2008_10_10/scene9-camera1.mov,2969,2990,NaN,NaN,NaN,NaN,0,0,0,0
1,633,democrat,NaN,2008_10_10,9,NaN,mov/ASL_2008_10_10/scene9-camera1.mov,3078,3105,NaN,NaN,NaN,NaN,0,0,0,0
1,634,demonstrate,NaN,2008_10_10,9,NaN,mov/ASL_2008_10_10/scene9-camera1.mov,3192,3220,NaN,NaN,NaN,NaN,0,0,0,0
1,635,denmark1,NaN,2008_10_10,9,NaN,mov/ASL_2008_10_10/scene9-camera1.mov,3314,3338,NaN,NaN,NaN,NaN,0,0,0,0
1,636,dentist,NaN,2008_10_10,9,NaN,mov/ASL_2008_10_10/scene9-camera1.mov,3431,3457,NaN,NaN,NaN,NaN,0,0,0,0
1,637,deny,NaN,2008_10_10,9,NaN,mov/ASL_2008_10_10/scene9-camera1.mov,3535,3553,NaN,NaN,NaN,NaN,0,0,0,0
1,638,department,NaN,2008_10_10,9,NaN,mov/ASL_2008_10_10/scene9-camera1.mov,3636,3664,NaN,NaN,NaN,NaN,0,0,0,0
1,639,depend1,NaN,2008_10_10,9,NaN,mov/ASL_2008_10_10/scene9-camera1.mov,3748,3761,NaN,NaN,NaN,NaN,0,0,0,0
1,640,depend2,NaN,2008_10_10,9,NaN,mov/ASL_2008_10_10/scene9-camera1.mov,3858,3885,NaN,NaN,NaN,NaN,0,0,0,0
1,641,deposit,NaN,2008_10_10,9,NaN,mov/ASL_2008_10_10/scene9-camera1.mov,3962,3986,NaN,NaN,NaN,NaN,0,0,0,0
1,642,depressed1,NaN,2008_10_10,9,NaN,mov/ASL_2008_10_10/scene9-camera1.mov,4063,4084,NaN,NaN,NaN,NaN,0,0,0,0
1,643,depressed2-fr,NaN,2008_10_10,9,NaN,mov/ASL_2008_10_10/scene9-camera1.mov,4185,4201,NaN,NaN,NaN,NaN,0,0,0,0
1,644,desert,NaN,2008_10_10,9,NaN,mov/ASL_2008_10_10/scene9-camera1.mov,4331,4384,NaN,NaN,NaN,NaN,0,0,0,0
1,1,1,1,1,1,1,1,1,1,1,1,1,1,1,1,1,1
1,#,Sign gloss,Compound signs,Session,Scene,XML,MOV,Gloss start,Gloss end,Dominant handshape IDs,Non-dominant handshape IDs,Dominant handshape frames,Non-dominant handshape frames,uta Gloss start,uta Gloss end,uta no,uta hand annotation
1,79,all2,NaN,2007_05_24,6,NaN,mov/ASL_2007_05_24/scene6-camera1.mov,554,574,NaN,NaN,NaN,NaN,554,574,3098,1
1,36,accident1,NaN,2007_05_24,6,NaN,mov/ASL_2007_05_24/scene6-camera1.mov,680,694,NaN,NaN,NaN,NaN,680,694,3091,1
1,50,adopt,NaN,2007_05_24,6,NaN,mov/ASL_2007_05_24/scene6-camera1.mov,968,979,NaN,NaN,NaN,NaN,968,979,3092,1
1,54,advise,NaN,2007_05_24,6,NaN,mov/ASL_2007_05_24/scene6-camera1.mov,1118,1150,NaN,NaN,NaN,NaN,1118,1150,3093,1
1,63,again,NaN,2007_05_24,6,NaN,mov/ASL_2007_05_24/scene6-camera1.mov,1713,1735,NaN,NaN,NaN,NaN,1713,1735,3094,1
1,71,airplane,NaN,2007_05_24,6,NaN,mov/ASL_2007_05_24/scene6-camera1.mov,1979,2014,NaN,NaN,NaN,NaN,0,0,0,0
1,68,agree_correspond,NaN,2007_05_24,6,NaN,mov/ASL_2007_05_24/scene6-camera1.mov,2110,2148,NaN,NaN,NaN,NaN,2110,2148,3095,1
1,74,all,NaN,2007_05_24,6,NaN,mov/ASL_2007_05_24/scene6-camera1.mov,2370,2404,NaN,NaN,NaN,NaN,2370,2404,3096,1
1,78,all_right,NaN,2007_05_24,6,NaN,mov/ASL_2007_05_24/scene6-camera1.mov,2516,2554,NaN,NaN,NaN,NaN,2516,2554,3097,1
1,100,any,NaN,2007_05_24,6,NaN,mov/ASL_2007_05_24/scene6-camera1.mov,2648,2673,NaN,NaN,NaN,NaN,2648,2673,3100,1
1,99,answer-fr,NaN,2007_05_24,6,NaN,mov/ASL_2007_05_24/scene6-camera1.mov,2787,2808,NaN,NaN,NaN,NaN,2787,2808,3099,1
1,106,apple,NaN,2007_05_24,6,NaN,mov/ASL_2007_05_24/scene6-camera1.mov,2916,2945,NaN,NaN,NaN,NaN,2916,2945,3101,1
1,113,appointment2,NaN,2007_05_24,6,NaN,mov/ASL_2007_05_24/scene6-camera1.mov,3034,3068,NaN,NaN,NaN,NaN,3034,3068,3102,1
1,128,art,NaN,2007_05_24,7,NaN,mov/ASL_2007_05_24/scene7-camera1.mov,308,343,NaN,NaN,NaN,NaN,308,343,3104,1
1,118,approximately,NaN,2007_05_24,7,NaN,mov/ASL_2007_05_24/scene7-camera1.mov,442,505,NaN,NaN,NaN,NaN,442,505,3103,1
1,129,article,NaN,2007_05_24,7,NaN,mov/ASL_2007_05_24/scene7-camera1.mov,591,612,NaN,NaN,NaN,NaN,591,612,3105,1
1,160,awful2,NaN,2007_05_24,7,NaN,mov/ASL_2007_05_24/scene7-camera1.mov,873,892,NaN,NaN,NaN,NaN,873,892,3108,1
1,161,awkward,NaN,2007_05_24,7,NaN,mov/ASL_2007_05_24/scene7-camera1.mov,1010,1060,NaN,NaN,NaN,NaN,1010,1060,3109,1
1,141,atlanta,NaN,2007_05_24,7,NaN,mov/ASL_2007_05_24/scene7-camera1.mov,1151,1182,NaN,NaN,NaN,NaN,1151,1182,3106,1
1,192,baseball,NaN,2007_05_24,7,NaN,mov/ASL_2007_05_24/scene7-camera1.mov,1291,1330,NaN,NaN,NaN,NaN,1291,1330,3112,1
1,150,aunt-fr,NaN,2007_05_24,7,NaN,mov/ASL_2007_05_24/scene7-camera1.mov,1436,1454,NaN,NaN,NaN,NaN,1436,1454,3107,1
1,216,become,NaN,2007_05_24,7,NaN,mov/ASL_2007_05_24/scene7-camera1.mov,2011,2044,NaN,NaN,NaN,NaN,0,0,0,0
1,173,bad,NaN,2007_05_24,7,NaN,mov/ASL_2007_05_24/scene7-camera1.mov,2144,2176,NaN,NaN,NaN,NaN,2144,2176,3110,1
1,227,behavior-n2,NaN,2007_05_24,7,NaN,mov/ASL_2007_05_24/scene7-camera1.mov,2295,2349,NaN,NaN,NaN,NaN,2295,2349,3114,1
1,184,baltimore,NaN,2007_05_24,7,NaN,mov/ASL_2007_05_24/scene7-camera1.mov,2586,2614,NaN,NaN,NaN,NaN,2586,2614,3111,1
1,322,bread,NaN,2007_05_24,7,NaN,mov/ASL_2007_05_24/scene7-camera1.mov,2729,2787,NaN,NaN,NaN,NaN,2729,2787,3120,1
1,221,beer,NaN,2007_05_24,7,NaN,mov/ASL_2007_05_24/scene7-camera1.mov,2879,2933,NaN,NaN,NaN,NaN,2879,2933,3113,1
1,328,breakfast,NaN,2007_05_24,7,NaN,mov/ASL_2007_05_24/scene7-camera1.mov,3018,3049,NaN,NaN,NaN,NaN,0,0,0,0
1,255,bird,NaN,2007_05_24,8,NaN,mov/ASL_2007_05_24/scene8-camera1.mov,639,686,NaN,NaN,NaN,NaN,639,686,3115,1
1,344,building1,NaN,2007_05_24,8,NaN,mov/ASL_2007_05_24/scene8-camera1.mov,780,828,NaN,NaN,NaN,NaN,780,828,3122,1
1,353,busy2,NaN,2007_05_24,8,NaN,mov/ASL_2007_05_24/scene8-camera1.mov,923,974,NaN,NaN,NaN,NaN,923,974,3123,1
1,283,blue,NaN,2007_05_24,8,NaN,mov/ASL_2007_05_24/scene8-camera1.mov,1069,1113,NaN,NaN,NaN,NaN,1069,1113,3116,1
1,358,buy,NaN,2007_05_24,8,NaN,mov/ASL_2007_05_24/scene8-camera1.mov,1196,1234,NaN,NaN,NaN,NaN,1196,1234,3124,1
1,295,bored,NaN,2007_05_24,8,NaN,mov/ASL_2007_05_24/scene8-camera1.mov,1336,1369,NaN,NaN,NaN,NaN,1336,1369,3117,1
1,372,camping,NaN,2007_05_24,8,NaN,mov/ASL_2007_05_24/scene8-camera1.mov,1467,1517,NaN,NaN,NaN,NaN,1467,1517,3127,1
1,373,can1,NaN,2007_05_24,8,NaN,mov/ASL_2007_05_24/scene8-camera1.mov,1626,1647,NaN,NaN,NaN,NaN,1626,1647,3128,1
1,300,boss2,NaN,2007_05_24,8,NaN,mov/ASL_2007_05_24/scene8-camera1.mov,1752,1784,NaN,NaN,NaN,NaN,1752,1784,3118,1
1,301,boston,NaN,2007_05_24,8,NaN,mov/ASL_2007_05_24/scene8-camera1.mov,2023,2059,NaN,NaN,NaN,NaN,2023,2059,3119,1
1,402,center1,NaN,2007_05_24,8,NaN,mov/ASL_2007_05_24/scene8-camera1.mov,2590,2626,NaN,NaN,NaN,NaN,2590,2626,3131,1
1,338,brown,NaN,2007_05_24,8,NaN,mov/ASL_2007_05_24/scene8-camera1.mov,2751,2778,NaN,NaN,NaN,NaN,2751,2778,3121,1
1,424,chat,NaN,2007_05_24,8,NaN,mov/ASL_2007_05_24/scene8-camera1.mov,2871,2920,NaN,NaN,NaN,NaN,2871,2920,3132,1
1,425,cheap,NaN,2007_05_24,9,NaN,mov/ASL_2007_05_24/scene9-camera1.mov,279,300,NaN,NaN,NaN,NaN,279,300,3133,1
1,367,california,NaN,2007_05_24,9,NaN,mov/ASL_2007_05_24/scene9-camera1.mov,428,445,NaN,NaN,NaN,NaN,428,445,3125,1
1,426,cheat1,NaN,2007_05_24,9,NaN,mov/ASL_2007_05_24/scene9-camera1.mov,571,627,NaN,NaN,NaN,NaN,571,627,3134,1
1,368,call_on_phone,NaN,2007_05_24,9,NaN,mov/ASL_2007_05_24/scene9-camera1.mov,721,747,NaN,NaN,NaN,NaN,721,747,3126,1
1,435,cheese,NaN,2007_05_24,9,NaN,mov/ASL_2007_05_24/scene9-camera1.mov,988,1034,NaN,NaN,NaN,NaN,988,1034,3135,1
1,377,candy1,NaN,2007_05_24,9,NaN,mov/ASL_2007_05_24/scene9-camera1.mov,1118,1171,NaN,NaN,NaN,NaN,1118,1171,3129,1
1,394,cat,NaN,2007_05_24,9,NaN,mov/ASL_2007_05_24/scene9-camera1.mov,1397,1461,NaN,NaN,NaN,NaN,1397,1461,3130,1
1,458,church,NaN,2007_05_24,9,NaN,mov/ASL_2007_05_24/scene9-camera1.mov,1547,1598,NaN,NaN,NaN,NaN,1547,1598,3138,1
1,442,chicago,NaN,2007_05_24,9,NaN,mov/ASL_2007_05_24/scene9-camera1.mov,1839,1871,NaN,NaN,NaN,NaN,1839,1871,3136,1
1,456,christmas,NaN,2007_05_24,9,NaN,mov/ASL_2007_05_24/scene9-camera1.mov,2135,2152,NaN,NaN,NaN,NaN,2135,2152,3137,1
1,467,clean_up,NaN,2007_05_24,9,NaN,mov/ASL_2007_05_24/scene9-camera1.mov,2268,2339,NaN,NaN,NaN,NaN,2268,2339,3139,1
1,480,coat,NaN,2007_05_24,9,NaN,mov/ASL_2007_05_24/scene9-camera1.mov,2434,2458,NaN,NaN,NaN,NaN,2434,2458,3140,1
1,483,coffee,NaN,2007_05_24,9,NaN,mov/ASL_2007_05_24/scene9-camera1.mov,2725,2801,NaN,NaN,NaN,NaN,2725,2801,3141,1
1,498,come_on,NaN,2007_05_24,9,NaN,mov/ASL_2007_05_24/scene9-camera1.mov,2873,2888,NaN,NaN,NaN,NaN,2873,2888,3142,1
1,513,computer1-fr,NaN,2007_05_24,10,NaN,mov/ASL_2007_05_24/scene10-camera1.mov,442,520,NaN,NaN,NaN,NaN,442,520,3143,1
1,554,cough2-sh,NaN,2007_05_24,10,NaN,mov/ASL_2007_05_24/scene10-camera1.mov,577,633,NaN,NaN,NaN,NaN,0,0,0,0
1,520,conflict,NaN,2007_05_24,10,NaN,mov/ASL_2007_05_24/scene10-camera1.mov,702,719,NaN,NaN,NaN,NaN,702,719,3144,1
1,563,cousin2,NaN,2007_05_24,10,NaN,mov/ASL_2007_05_24/scene10-camera1.mov,833,884,NaN,NaN,NaN,NaN,833,884,3147,1
1,542,copy,NaN,2007_05_24,10,NaN,mov/ASL_2007_05_24/scene10-camera1.mov,1090,1147,NaN,NaN,NaN,NaN,1090,1147,3145,1
1,567,cow1,NaN,2007_05_24,10,NaN,mov/ASL_2007_05_24/scene10-camera1.mov,1240,1279,NaN,NaN,NaN,NaN,0,0,0,0
1,575,crazy1,NaN,2007_05_24,10,NaN,mov/ASL_2007_05_24/scene10-camera1.mov,1499,1554,NaN,NaN,NaN,NaN,1499,1554,3148,1
1,560,court,NaN,2007_05_24,10,NaN,mov/ASL_2007_05_24/scene10-camera1.mov,1834,1891,NaN,NaN,NaN,NaN,1834,1891,3146,1
1,603,cute,NaN,2007_05_24,10,NaN,mov/ASL_2007_05_24/scene10-camera1.mov,1976,2036,NaN,NaN,NaN,NaN,1976,2036,3149,1
1,618,deaf1,NaN,2007_05_24,10,NaN,mov/ASL_2007_05_24/scene10-camera1.mov,2275,2298,NaN,NaN,NaN,NaN,2275,2298,3153,1
1,607,dance,NaN,2007_05_24,10,NaN,mov/ASL_2007_05_24/scene10-camera1.mov,2547,2616,NaN,NaN,NaN,NaN,2547,2616,3150,1
1,631,delicious-fr,NaN,2007_05_24,10,NaN,mov/ASL_2007_05_24/scene10-camera1.mov,2684,2727,NaN,NaN,NaN,NaN,2684,2727,3154,1
1,611,dark,NaN,2007_05_24,10,NaN,mov/ASL_2007_05_24/scene10-camera1.mov,2829,2881,NaN,NaN,NaN,NaN,2829,2881,3151,1
1,653,detroit,NaN,2007_05_24,10,NaN,mov/ASL_2007_05_24/scene10-camera1.mov,2976,3011,NaN,NaN,NaN,NaN,2976,3011,3157,1
1,615,daughter1,NaN,2007_05_24,10,NaN,mov/ASL_2007_05_24/scene10-camera1.mov,3111,3142,NaN,NaN,NaN,NaN,3111,3142,3152,1
1,679,dirty,NaN,2007_05_24,11,NaN,mov/ASL_2007_05_24/scene11-camera1.mov,423,459,NaN,NaN,NaN,NaN,423,459,3159,1
1,641,deposit,NaN,2007_05_24,11,NaN,mov/ASL_2007_05_24/scene11-camera1.mov,548,570,NaN,NaN,NaN,NaN,548,570,3155,1
1,704,dog,NaN,2007_05_24,11,NaN,mov/ASL_2007_05_24/scene11-camera1.mov,671,725,NaN,NaN,NaN,NaN,671,725,3164,1
1,642,depressed1,NaN,2007_05_24,11,NaN,mov/ASL_2007_05_24/scene11-camera1.mov,806,851,NaN,NaN,NaN,NaN,806,851,3156,1
1,647,destroy1,NaN,2007_05_24,11,NaN,mov/ASL_2007_05_24/scene11-camera1.mov,936,977,NaN,NaN,NaN,NaN,0,0,0,0
1,713,dont_know-fr,NaN,2007_05_24,11,NaN,mov/ASL_2007_05_24/scene11-camera1.mov,1090,1108,NaN,NaN,NaN,NaN,1090,1108,3165,1
1,671,dinner1,NaN,2007_05_24,11,NaN,mov/ASL_2007_05_24/scene11-camera1.mov,1219,1254,NaN,NaN,NaN,NaN,1219,1254,3158,1
1,714,dont_like,NaN,2007_05_24,11,NaN,mov/ASL_2007_05_24/scene11-camera1.mov,1364,1383,NaN,NaN,NaN,NaN,1364,1383,3166,1
1,680,disagree,NaN,2007_05_24,11,NaN,mov/ASL_2007_05_24/scene11-camera1.mov,1500,1542,NaN,NaN,NaN,NaN,1500,1542,3160,1
1,715,dont_mind-fr,NaN,2007_05_24,11,NaN,mov/ASL_2007_05_24/scene11-camera1.mov,1814,1835,NaN,NaN,NaN,NaN,1814,1835,3167,1
1,687,discuss,NaN,2007_05_24,11,NaN,mov/ASL_2007_05_24/scene11-camera1.mov,1951,2019,NaN,NaN,NaN,NaN,1951,2019,3161,1
1,722,down,NaN,2007_05_24,11,NaN,mov/ASL_2007_05_24/scene11-camera1.mov,2138,2166,NaN,NaN,NaN,NaN,2138,2166,3169,1
1,697,divorce,NaN,2007_05_24,11,NaN,mov/ASL_2007_05_24/scene11-camera1.mov,2278,2299,NaN,NaN,NaN,NaN,2278,2299,3162,1
1,703,doctor2,NaN,2007_05_24,11,NaN,mov/ASL_2007_05_24/scene11-camera1.mov,2419,2454,NaN,NaN,NaN,NaN,2419,2454,3163,1
1,736,drink_non_alcoholic,NaN,2007_05_24,11,NaN,mov/ASL_2007_05_24/scene11-camera1.mov,2568,2605,NaN,NaN,NaN,NaN,2568,2605,3171,1
1,716,dont_want,NaN,2007_05_24,11,NaN,mov/ASL_2007_05_24/scene11-camera1.mov,2716,2736,NaN,NaN,NaN,NaN,2716,2736,3168,1
1,747,drunk,NaN,2007_05_24,11,NaN,mov/ASL_2007_05_24/scene11-camera1.mov,2858,2878,NaN,NaN,NaN,NaN,2858,2878,3172,1
1,473,close_door,NaN,2007_05_24,11,NaN,mov/ASL_2007_05_24/scene11-camera1.mov,2985,3044,NaN,NaN,NaN,NaN,0,0,0,0
1,730,dress_V,NaN,2007_05_24,12,NaN,mov/ASL_2007_05_24/scene12-camera1.mov,195,226,NaN,NaN,NaN,NaN,195,226,3170,1
1,748,dry,NaN,2007_05_24,12,NaN,mov/ASL_2007_05_24/scene12-camera1.mov,325,368,NaN,NaN,NaN,NaN,325,368,3173,1
1,765,early1,NaN,2007_05_24,12,NaN,mov/ASL_2007_05_24/scene12-camera1.mov,471,489,NaN,NaN,NaN,NaN,471,489,3174,1
1,769,earth,NaN,2007_05_24,12,NaN,mov/ASL_2007_05_24/scene12-camera1.mov,710,773,NaN,NaN,NaN,NaN,710,773,3175,1
1,773,easy,NaN,2007_05_24,12,NaN,mov/ASL_2007_05_24/scene12-camera1.mov,857,924,NaN,NaN,NaN,NaN,857,924,3177,1
1,771,east,NaN,2007_05_24,12,NaN,mov/ASL_2007_05_24/scene12-camera1.mov,1008,1025,NaN,NaN,NaN,NaN,1008,1025,3176,1
1,794,elevator,NaN,2007_05_24,12,NaN,mov/ASL_2007_05_24/scene12-camera1.mov,1545,1600,NaN,NaN,NaN,NaN,1545,1600,3179,1
1,774,eat-fr,NaN,2007_05_24,12,NaN,mov/ASL_2007_05_24/scene12-camera1.mov,1694,1726,NaN,NaN,NaN,NaN,1694,1726,3178,1
1,796,embarrassed,NaN,2007_05_24,12,NaN,mov/ASL_2007_05_24/scene12-camera1.mov,1817,1903,NaN,NaN,NaN,NaN,1817,1903,3180,1
1,814,enough,NaN,2007_05_24,12,NaN,mov/ASL_2007_05_24/scene12-camera1.mov,2257,2303,NaN,NaN,NaN,NaN,2257,2303,3181,1
1,837,everyday,NaN,2007_05_24,12,NaN,mov/ASL_2007_05_24/scene12-camera1.mov,2397,2432,NaN,NaN,NaN,NaN,2397,2432,3183,1
1,815,enter,NaN,2007_05_24,12,NaN,mov/ASL_2007_05_24/scene12-camera1.mov,2534,2559,NaN,NaN,NaN,NaN,2534,2559,3182,1
1,855,experience,NaN,2007_05_24,12,NaN,mov/ASL_2007_05_24/scene12-camera1.mov,2661,2719,NaN,NaN,NaN,NaN,2661,2719,3185,1
1,844,exaggerate,NaN,2007_05_24,12,NaN,mov/ASL_2007_05_24/scene12-camera1.mov,2803,2858,NaN,NaN,NaN,NaN,2803,2858,3184,1